"Path","Category","Status","SizeKB","LastWrite","Notes"
".pytest_cache","Cache","CACHE","61.93","8/29/2026 8:44:25 PM","Automatically generated software cache; not research evidence."
"__pycache__","Cache","CACHE","243.7","9/4/2026 3:35:34 AM","Automatically generated software cache; not research evidence."
"__pycache__\evaluate_final_v3_benchmark_locked200.cpython-313.pyc","Cache","CACHE","29.16","9/4/2026 3:04:48 AM","Automatically generated Python bytecode."
"__pycache__\evaluate_real_fc_hmarl_test.cpython-313.pyc","Cache","CACHE","22.09","9/1/2026 7:43:11 PM","Automatically generated Python bytecode."
"__pycache__\evaluate_real_fc_hmarl_test.cpython-313-pytest-8.4.2.pyc","Cache","CACHE","22.2","9/4/2026 3:35:34 AM","Automatically generated Python bytecode."
"__pycache__\evaluate_real_fc_hmarl_validation.cpython-313.pyc","Cache","CACHE","29.66","9/1/2026 7:26:34 PM","Automatically generated Python bytecode."
"__pycache__\train.cpython-313.pyc","Cache","CACHE","30.3","9/1/2026 2:33:19 AM","Automatically generated Python bytecode."
"__pycache__\train_real_fc_hmarl.cpython-313.pyc","Cache","CACHE","34.59","9/1/2026 2:37:26 PM","Automatically generated Python bytecode."
"__pycache__\train_real_fc_hmarl_final_v3.cpython-313.pyc","Cache","CACHE","39.08","9/4/2026 12:17:02 AM","Automatically generated Python bytecode."
"__pycache__\train_real_fc_hmarl_reserve_corrected_v2.cpython-313.pyc","Cache","CACHE","36.63","9/1/2026 8:46:17 PM","Automatically generated Python bytecode."
"agents\__pycache__","Cache","CACHE","124.59","9/1/2026 3:26:16 AM","Automatically generated software cache; not research evidence."
"agents\__pycache__\__init__.cpython-313.pyc","Cache","CACHE","0.18","8/29/2026 9:59:02 PM","Automatically generated Python bytecode."
"agents\__pycache__\coordinator_agent.cpython-313.pyc","Cache","CACHE","20.92","8/29/2026 10:19:23 PM","Automatically generated Python bytecode."
"agents\__pycache__\local_agent.cpython-313.pyc","Cache","CACHE","21.6","8/29/2026 10:11:43 PM","Automatically generated Python bytecode."
"agents\__pycache__\networks.cpython-313.pyc","Cache","CACHE","21.89","8/29/2026 9:59:02 PM","Automatically generated Python bytecode."
"agents\__pycache__\replay_buffer.cpython-313.pyc","Cache","CACHE","24.19","8/29/2026 10:02:00 PM","Automatically generated Python bytecode."
"agents\__pycache__\sac_agent.cpython-313.pyc","Cache","CACHE","35.81","9/1/2026 3:26:16 AM","Automatically generated Python bytecode."
"environment\__pycache__","Cache","CACHE","116.19","9/1/2026 9:38:43 PM","Automatically generated software cache; not research evidence."
"environment\__pycache__\__init__.cpython-313.pyc","Cache","CACHE","0.19","8/29/2026 8:48:35 PM","Automatically generated Python bytecode."
"environment\__pycache__\bess.cpython-313.pyc","Cache","CACHE","16.23","9/1/2026 8:27:44 PM","Automatically generated Python bytecode."
"environment\__pycache__\constraints.cpython-313.pyc","Cache","CACHE","10.54","8/29/2026 8:59:12 PM","Automatically generated Python bytecode."
"environment\__pycache__\energy_sharing.cpython-313.pyc","Cache","CACHE","19.07","8/29/2026 9:03:24 PM","Automatically generated Python bytecode."
"environment\__pycache__\ev_fleet.cpython-313.pyc","Cache","CACHE","15.69","8/29/2026 8:56:45 PM","Automatically generated Python bytecode."
"environment\__pycache__\market.cpython-313.pyc","Cache","CACHE","11.29","9/1/2026 8:27:44 PM","Automatically generated Python bytecode."
"environment\__pycache__\microgrid.cpython-313.pyc","Cache","CACHE","13.12","9/1/2026 9:38:43 PM","Automatically generated Python bytecode."
"environment\__pycache__\pv.cpython-313.pyc","Cache","CACHE","9.54","8/29/2026 8:53:50 PM","Automatically generated Python bytecode."
"environment\__pycache__\vpp_env.cpython-313.pyc","Cache","CACHE","20.53","9/1/2026 8:49:57 PM","Automatically generated Python bytecode."
"evaluation\__pycache__","Cache","CACHE","39.67","9/1/2026 7:39:09 PM","Automatically generated software cache; not research evidence."
"evaluation\__pycache__\__init__.cpython-313.pyc","Cache","CACHE","0.19","8/30/2026 2:48:15 AM","Automatically generated Python bytecode."
"evaluation\__pycache__\economic_metrics.cpython-313.pyc","Cache","CACHE","12.31","9/1/2026 7:39:09 PM","Automatically generated Python bytecode."
"evaluation\__pycache__\operational_metrics.cpython-313.pyc","Cache","CACHE","15.07","9/1/2026 7:37:39 PM","Automatically generated Python bytecode."
"evaluation\__pycache__\training_history_logger.cpython-313.pyc","Cache","CACHE","12.1","8/30/2026 2:48:15 AM","Automatically generated Python bytecode."
"forecasting\__pycache__","Cache","CACHE","151.28","8/29/2026 9:44:21 PM","Automatically generated software cache; not research evidence."
"forecasting\__pycache__\__init__.cpython-313.pyc","Cache","CACHE","0.19","8/29/2026 9:17:54 PM","Automatically generated Python bytecode."
"forecasting\__pycache__\confidence.cpython-313.pyc","Cache","CACHE","18.9","8/29/2026 9:44:21 PM","Automatically generated Python bytecode."
"forecasting\__pycache__\dataset.cpython-313.pyc","Cache","CACHE","18.23","8/29/2026 9:20:46 PM","Automatically generated Python bytecode."
"forecasting\__pycache__\model.cpython-313.pyc","Cache","CACHE","20.02","8/29/2026 9:29:00 PM","Automatically generated Python bytecode."
"forecasting\__pycache__\predictor.cpython-313.pyc","Cache","CACHE","23.2","8/29/2026 9:37:21 PM","Automatically generated Python bytecode."
"forecasting\__pycache__\preprocessing.cpython-313.pyc","Cache","CACHE","21.48","8/29/2026 9:17:54 PM","Automatically generated Python bytecode."
"forecasting\__pycache__\trainer.cpython-313.pyc","Cache","CACHE","25.62","8/29/2026 9:33:23 PM","Automatically generated Python bytecode."
"forecasting\__pycache__\uncertainty.cpython-313.pyc","Cache","CACHE","23.66","8/29/2026 9:40:40 PM","Automatically generated Python bytecode."
"marl\__pycache__","Cache","CACHE","147","9/3/2026 6:27:50 PM","Automatically generated software cache; not research evidence."
"marl\__pycache__\__init__.cpython-313.pyc","Cache","CACHE","0.18","8/29/2026 9:49:53 PM","Automatically generated Python bytecode."
"marl\__pycache__\action_mapper.cpython-313.pyc","Cache","CACHE","18.01","9/1/2026 8:27:44 PM","Automatically generated Python bytecode."
"marl\__pycache__\environment_adapter.cpython-313.pyc","Cache","CACHE","15.83","8/29/2026 10:28:54 PM","Automatically generated Python bytecode."
"marl\__pycache__\hierarchical_controller.cpython-313.pyc","Cache","CACHE","19.83","8/29/2026 9:55:50 PM","Automatically generated Python bytecode."
"marl\__pycache__\rewards.cpython-313.pyc","Cache","CACHE","16.77","8/29/2026 9:52:35 PM","Automatically generated Python bytecode."
"marl\__pycache__\state_builder.cpython-313.pyc","Cache","CACHE","21.03","8/29/2026 9:49:53 PM","Automatically generated Python bytecode."
"marl\__pycache__\training_loop.cpython-313.pyc","Cache","CACHE","32.42","9/1/2026 3:34:47 AM","Automatically generated Python bytecode."
"marl\__pycache__\vpp_training_bridge.cpython-313.pyc","Cache","CACHE","22.94","9/3/2026 6:27:50 PM","Automatically generated Python bytecode."
"risk\__pycache__","Cache","CACHE","12.18","9/1/2026 7:41:26 PM","Automatically generated software cache; not research evidence."
"risk\__pycache__\cvar.cpython-313.pyc","Cache","CACHE","5.79","9/1/2026 7:40:27 PM","Automatically generated Python bytecode."
"risk\__pycache__\risk_penalty.cpython-313.pyc","Cache","CACHE","6.39","9/1/2026 7:41:26 PM","Automatically generated Python bytecode."
"tests\__pycache__","Cache","CACHE","1300.67","9/3/2026 6:27:21 PM","Automatically generated software cache; not research evidence."
"tests\__pycache__\test_action_mapper.cpython-313-pytest-8.4.2.pyc","Cache","CACHE","13.11","8/30/2026 2:02:31 AM","Automatically generated Python bytecode."
"tests\__pycache__\test_bess.cpython-313-pytest-8.4.2.pyc","Cache","CACHE","13.58","8/29/2026 8:48:35 PM","Automatically generated Python bytecode."
"tests\__pycache__\test_confidence.cpython-313-pytest-8.4.2.pyc","Cache","CACHE","39.57","8/29/2026 9:44:21 PM","Automatically generated Python bytecode."
"tests\__pycache__\test_coordinator.cpython-313-pytest-8.4.2.pyc","Cache","CACHE","71.15","8/29/2026 10:19:23 PM","Automatically generated Python bytecode."
"tests\__pycache__\test_dataset.cpython-313-pytest-8.4.2.pyc","Cache","CACHE","45.88","8/29/2026 9:20:46 PM","Automatically generated Python bytecode."
"tests\__pycache__\test_energy_sharing.cpython-313-pytest-8.4.2.pyc","Cache","CACHE","50.83","8/29/2026 9:03:24 PM","Automatically generated Python bytecode."
"tests\__pycache__\test_environment.cpython-313-pytest-8.4.2.pyc","Cache","CACHE","32.46","8/29/2026 9:08:25 PM","Automatically generated Python bytecode."
"tests\__pycache__\test_environment_adapter.cpython-313-pytest-8.4.2.pyc","Cache","CACHE","40.04","8/29/2026 10:28:54 PM","Automatically generated Python bytecode."
"tests\__pycache__\test_ev.cpython-313-pytest-8.4.2.pyc","Cache","CACHE","46","8/29/2026 8:56:45 PM","Automatically generated Python bytecode."
"tests\__pycache__\test_hierarchical_controller.cpython-313-pytest-8.4.2.pyc","Cache","CACHE","43.62","8/29/2026 9:55:50 PM","Automatically generated Python bytecode."
"tests\__pycache__\test_local_agent.cpython-313-pytest-8.4.2.pyc","Cache","CACHE","73.19","8/29/2026 10:11:43 PM","Automatically generated Python bytecode."
"tests\__pycache__\test_market.cpython-313-pytest-8.4.2.pyc","Cache","CACHE","42.94","8/29/2026 9:05:36 PM","Automatically generated Python bytecode."
"tests\__pycache__\test_model.cpython-313-pytest-8.4.2.pyc","Cache","CACHE","36.08","8/29/2026 9:28:58 PM","Automatically generated Python bytecode."
"tests\__pycache__\test_networks.cpython-313-pytest-8.4.2.pyc","Cache","CACHE","52.66","8/29/2026 9:59:00 PM","Automatically generated Python bytecode."
"tests\__pycache__\test_power_balance.cpython-313-pytest-8.4.2.pyc","Cache","CACHE","41.06","8/29/2026 8:59:12 PM","Automatically generated Python bytecode."
"tests\__pycache__\test_predictor.cpython-313-pytest-8.4.2.pyc","Cache","CACHE","50.07","8/29/2026 9:37:20 PM","Automatically generated Python bytecode."
"tests\__pycache__\test_preprocessing.cpython-313-pytest-8.4.2.pyc","Cache","CACHE","48.61","8/29/2026 9:17:53 PM","Automatically generated Python bytecode."
"tests\__pycache__\test_pv.cpython-313-pytest-8.4.2.pyc","Cache","CACHE","35.11","8/29/2026 8:53:50 PM","Automatically generated Python bytecode."
"tests\__pycache__\test_real_vpp_training_bridge.cpython-313-pytest-8.4.2.pyc","Cache","CACHE","42.74","9/3/2026 6:27:21 PM","Automatically generated Python bytecode."
"tests\__pycache__\test_replay_buffer.cpython-313-pytest-8.4.2.pyc","Cache","CACHE","56.44","8/29/2026 10:02:00 PM","Automatically generated Python bytecode."
"tests\__pycache__\test_reserve_feasibility.cpython-313-pytest-8.4.2.pyc","Cache","CACHE","14.73","9/1/2026 8:27:44 PM","Automatically generated Python bytecode."
"tests\__pycache__\test_rewards.cpython-313-pytest-8.4.2.pyc","Cache","CACHE","47.41","8/29/2026 9:52:35 PM","Automatically generated Python bytecode."
"tests\__pycache__\test_sac_agent.cpython-313-pytest-8.4.2.pyc","Cache","CACHE","78.53","8/29/2026 10:06:30 PM","Automatically generated Python bytecode."
"tests\__pycache__\test_state_builder.cpython-313-pytest-8.4.2.pyc","Cache","CACHE","43.01","8/29/2026 9:49:53 PM","Automatically generated Python bytecode."
"tests\__pycache__\test_trainer.cpython-313-pytest-8.4.2.pyc","Cache","CACHE","53.12","8/29/2026 9:33:22 PM","Automatically generated Python bytecode."
"tests\__pycache__\test_training_loop.cpython-313-pytest-8.4.2.pyc","Cache","CACHE","54.26","8/29/2026 10:25:28 PM","Automatically generated Python bytecode."
"tests\__pycache__\test_transformer_grid_feasibility.cpython-313-pytest-8.4.2.pyc","Cache","CACHE","19.73","9/1/2026 9:38:42 PM","Automatically generated Python bytecode."
"tests\__pycache__\test_uncertainty.cpython-313-pytest-8.4.2.pyc","Cache","CACHE","48.68","8/29/2026 9:40:40 PM","Automatically generated Python bytecode."
"tests\__pycache__\test_vpp_env.cpython-313-pytest-8.4.2.pyc","Cache","CACHE","35.62","8/29/2026 9:13:04 PM","Automatically generated Python bytecode."
"tests\__pycache__\test_vpp_training_bridge.cpython-313-pytest-8.4.2.pyc","Cache","CACHE","30.45","8/30/2026 2:23:39 AM","Automatically generated Python bytecode."
"outputs\results\real_fc_hmarl_final_v3_benchmark","Benchmark","FINAL","1073.24","9/4/2026 3:02:36 AM","Final benchmark evaluation under locked TEST conditions."
"outputs\results\real_fc_hmarl_final_v3_ablation","Diagnostic Ablation","FINAL","1494.49","9/4/2026 3:24:55 AM","Post-training inference-time diagnostic ablation results."
"evaluate_final_v3_ablation_locked200.py","Final Script","FINAL","23.33","9/4/2026 3:04:32 AM","Official diagnostic ablation evaluator."
"evaluate_final_v3_benchmark_locked200.py","Final Script","FINAL","26.46","9/4/2026 2:59:06 AM","Official final benchmark evaluator."
"evaluate_final_v3_test_locked200.py","Final Script","FINAL","38.5","9/4/2026 2:41:57 AM","Official locked TEST evaluator."
"train_real_fc_hmarl_final_v3.py","Final Script","FINAL","55.13","9/3/2026 6:34:20 PM","Official final V3 training launcher."
"outputs\results\real_fc_hmarl_final_v3_test\publication_figures\Figure_Benchmark_Mean_Return.pdf","Final TEST Figure","FINAL","17.79","9/4/2026 3:32:24 AM","Generated under the final locked TEST result branch."
"outputs\results\real_fc_hmarl_final_v3_test\publication_figures\Figure_Benchmark_Mean_Return.png","Final TEST Figure","FINAL","120.78","9/4/2026 3:32:23 AM","Generated under the final locked TEST result branch."
"outputs\results\real_fc_hmarl_final_v3_test\publication_figures\Figure_Benchmark_Net_Market_Cost.pdf","Final TEST Figure","FINAL","20.01","9/4/2026 3:32:24 AM","Generated under the final locked TEST result branch."
"outputs\results\real_fc_hmarl_final_v3_test\publication_figures\Figure_Benchmark_Net_Market_Cost.png","Final TEST Figure","FINAL","147.54","9/4/2026 3:32:24 AM","Generated under the final locked TEST result branch."
"outputs\results\real_fc_hmarl_final_v3_test\publication_figures\Figure_Benchmark_Operational_Normalized.pdf","Final TEST Figure","FINAL","18.83","9/4/2026 3:32:24 AM","Generated under the final locked TEST result branch."
"outputs\results\real_fc_hmarl_final_v3_test\publication_figures\Figure_Benchmark_Operational_Normalized.png","Final TEST Figure","FINAL","144.61","9/4/2026 3:32:24 AM","Generated under the final locked TEST result branch."
"outputs\results\real_fc_hmarl_final_v3_test\publication_figures\Figure_Diagnostic_Ablation.pdf","Final TEST Figure","FINAL","18.13","9/4/2026 3:32:24 AM","Generated under the final locked TEST result branch."
"outputs\results\real_fc_hmarl_final_v3_test\publication_figures\Figure_Diagnostic_Ablation.png","Final TEST Figure","FINAL","166.87","9/4/2026 3:32:24 AM","Generated under the final locked TEST result branch."
"outputs\results\real_fc_hmarl_final_v3_test\publication_figures\Figure_Final_TEST_Grid_Interaction.png","Final TEST Figure","FINAL","189.63","9/4/2026 2:51:07 AM","Generated under the final locked TEST result branch."
"outputs\results\real_fc_hmarl_final_v3_test\publication_figures\Figure_Final_TEST_Net_Market_Cost.png","Final TEST Figure","FINAL","230.84","9/4/2026 2:51:07 AM","Generated under the final locked TEST result branch."
"outputs\results\real_fc_hmarl_final_v3_test\publication_figures\Figure_Final_TEST_Resource_Utilization.png","Final TEST Figure","FINAL","132.86","9/4/2026 2:51:07 AM","Generated under the final locked TEST result branch."
"outputs\results\real_fc_hmarl_final_v3_test\publication_figures\Figure_Final_TEST_Return_Distribution.png","Final TEST Figure","FINAL","89.71","9/4/2026 2:51:07 AM","Generated under the final locked TEST result branch."
"outputs\results\real_fc_hmarl_final_v3","Final V3 Training","FINAL","1946.68","9/3/2026 11:31:40 PM","Official final V3 training results."
"outputs\results\real_fc_hmarl_final_v3_validation","Final Validation","FINAL","39.9","9/4/2026 12:27:24 AM","Official validation-only checkpoint-selection results."
"outputs\results\real_fc_hmarl_final_v3_test","Locked TEST","FINAL","1888.41","9/4/2026 2:51:04 AM","Official locked TEST evaluation using frozen checkpoint 200."
"outputs\results\real_fc_hmarl_final_v3_ablation\final_v3_ablation_episode_results.csv","Publication Table","FINAL","1491.82","9/4/2026 3:24:55 AM","Derived from final V3 TEST, benchmark, or diagnostic evaluation output."
"outputs\results\real_fc_hmarl_final_v3_ablation\final_v3_ablation_paired_comparisons.csv","Publication Table","FINAL","0.42","9/4/2026 3:24:55 AM","Derived from final V3 TEST, benchmark, or diagnostic evaluation output."
"outputs\results\real_fc_hmarl_final_v3_ablation\final_v3_ablation_summary.csv","Publication Table","FINAL","1.33","9/4/2026 3:24:55 AM","Derived from final V3 TEST, benchmark, or diagnostic evaluation output."
"outputs\results\real_fc_hmarl_final_v3_benchmark\final_v3_benchmark_episode_results.csv","Publication Table","FINAL","1070.07","9/4/2026 3:02:36 AM","Derived from final V3 TEST, benchmark, or diagnostic evaluation output."
"outputs\results\real_fc_hmarl_final_v3_benchmark\final_v3_benchmark_summary.csv","Publication Table","FINAL","1.92","9/4/2026 3:02:36 AM","Derived from final V3 TEST, benchmark, or diagnostic evaluation output."
"outputs\results\real_fc_hmarl_final_v3_test\publication_tables\Table_Economic_Operational_Performance.csv","Publication Table","FINAL","1.7","9/4/2026 2:49:42 AM","Derived from final V3 TEST, benchmark, or diagnostic evaluation output."
"outputs\results\real_fc_hmarl_final_v3_test\publication_tables\Table_Economic_Operational_Performance.md","Publication Table","FINAL","2.81","9/4/2026 2:49:42 AM","Derived from final V3 TEST, benchmark, or diagnostic evaluation output."
"outputs\results\real_fc_hmarl_final_v3_test\publication_tables\Table_Economic_Operational_Performance.txt","Publication Table","FINAL","2.66","9/4/2026 2:49:42 AM","Derived from final V3 TEST, benchmark, or diagnostic evaluation output."
"outputs\results\real_fc_hmarl_final_v3_test\publication_tables\Table_Final_Benchmark_Comparison.csv","Publication Table","FINAL","0.64","9/4/2026 3:30:11 AM","Derived from final V3 TEST, benchmark, or diagnostic evaluation output."
"outputs\results\real_fc_hmarl_final_v3_test\publication_tables\Table_Final_Benchmark_Comparison.md","Publication Table","FINAL","1.66","9/4/2026 3:30:11 AM","Derived from final V3 TEST, benchmark, or diagnostic evaluation output."
"outputs\results\real_fc_hmarl_final_v3_test\publication_tables\Table_Final_Benchmark_Comparison.txt","Publication Table","FINAL","1.25","9/4/2026 3:30:11 AM","Derived from final V3 TEST, benchmark, or diagnostic evaluation output."
"outputs\results\real_fc_hmarl_final_v3_test\publication_tables\Table_Final_Benchmark_Improvements.csv","Publication Table","FINAL","0.24","9/4/2026 3:30:11 AM","Derived from final V3 TEST, benchmark, or diagnostic evaluation output."
"outputs\results\real_fc_hmarl_final_v3_test\publication_tables\Table_Final_Benchmark_Improvements.md","Publication Table","FINAL","0.58","9/4/2026 3:30:11 AM","Derived from final V3 TEST, benchmark, or diagnostic evaluation output."
"outputs\results\real_fc_hmarl_final_v3_test\publication_tables\Table_Final_Benchmark_Improvements.txt","Publication Table","FINAL","0.46","9/4/2026 3:30:11 AM","Derived from final V3 TEST, benchmark, or diagnostic evaluation output."
"outputs\results\real_fc_hmarl_final_v3_test\publication_tables\Table_Final_Diagnostic_Ablation.csv","Publication Table","FINAL","0.77","9/4/2026 3:30:11 AM","Derived from final V3 TEST, benchmark, or diagnostic evaluation output."
"outputs\results\real_fc_hmarl_final_v3_test\publication_tables\Table_Final_Diagnostic_Ablation.md","Publication Table","FINAL","2.12","9/4/2026 3:30:11 AM","Derived from final V3 TEST, benchmark, or diagnostic evaluation output."
"outputs\results\real_fc_hmarl_final_v3_test\publication_tables\Table_Final_Diagnostic_Ablation.txt","Publication Table","FINAL","1.64","9/4/2026 3:30:11 AM","Derived from final V3 TEST, benchmark, or diagnostic evaluation output."
"outputs\results\real_fc_hmarl_final_v3_test\publication_tables\Table_Final_FC_HMARL_Performance.csv","Publication Table","FINAL","0.87","9/4/2026 2:47:01 AM","Derived from final V3 TEST, benchmark, or diagnostic evaluation output."
"outputs\results\real_fc_hmarl_final_v3_test\publication_tables\Table_Final_FC_HMARL_Performance.md","Publication Table","FINAL","1.5","9/4/2026 2:47:01 AM","Derived from final V3 TEST, benchmark, or diagnostic evaluation output."
"outputs\results\real_fc_hmarl_final_v3_test\publication_tables\Table_Final_FC_HMARL_Performance.txt","Publication Table","FINAL","0.99","9/4/2026 2:47:01 AM","Derived from final V3 TEST, benchmark, or diagnostic evaluation output."
"outputs\results\real_fc_hmarl_final_v3_test\publication_tables\Table_MG_Coordinator_Performance.csv","Publication Table","FINAL","0.66","9/4/2026 2:48:19 AM","Derived from final V3 TEST, benchmark, or diagnostic evaluation output."
"outputs\results\real_fc_hmarl_final_v3_test\publication_tables\Table_MG_Coordinator_Performance.md","Publication Table","FINAL","1.06","9/4/2026 2:48:19 AM","Derived from final V3 TEST, benchmark, or diagnostic evaluation output."
"outputs\results\real_fc_hmarl_final_v3_test\publication_tables\Table_MG_Coordinator_Performance.txt","Publication Table","FINAL","0.9","9/4/2026 2:48:19 AM","Derived from final V3 TEST, benchmark, or diagnostic evaluation output."
"outputs\rl_data\real_rl_test_archive.npz","RL Data","FINAL","1267.17","9/4/2026 2:22:45 AM","TEST archive reserved for locked final evaluation."
"outputs\rl_data\real_rl_training_archive.npz","RL Data","FINAL","6033.57","9/1/2026 2:45:06 AM","TRAIN archive used for policy learning."
"outputs\rl_data\real_rl_validation_archive.npz","RL Data","FINAL","1314.43","9/4/2026 12:15:18 AM","VALIDATION archive used for checkpoint selection."
"audit_step7r_physical_dispatch.py","Development History","HISTORICAL","15.85","9/1/2026 8:16:53 PM","Retain as development evidence; do not use as the official final V3 evaluation unless separately verified."
"audit_step7r_reserve_source.py","Development History","HISTORICAL","4.78","9/1/2026 8:19:01 PM","Retain as development evidence; do not use as the official final V3 evaluation unless separately verified."
"diagnose_step7r_g_episode87.py","Development History","HISTORICAL","13.54","9/1/2026 8:44:10 PM","Retain as development evidence; do not use as the official final V3 evaluation unless separately verified."
"diagnose_step7r_h_mg3_step1.py","Development History","HISTORICAL","11.13","9/1/2026 8:46:03 PM","Retain as development evidence; do not use as the official final V3 evaluation unless separately verified."
"evaluate_fc_hmarl_ablation_fixed.py","Development History","HISTORICAL","22.51","9/1/2026 7:44:04 PM","Retain as development evidence; do not use as the official final V3 evaluation unless separately verified."
"evaluate_fc_hmarl_ablation_v2.py","Development History","HISTORICAL","22.55","9/1/2026 7:46:34 PM","Retain as development evidence; do not use as the official final V3 evaluation unless separately verified."
"evaluate_final_v3_validation_FIXED.py","Development History","HISTORICAL","26.38","9/4/2026 12:19:42 AM","Retain as development evidence; do not use as the official final V3 evaluation unless separately verified."
"evaluate_final_v3_validation_FIXED_V2.py","Development History","HISTORICAL","27.16","9/4/2026 12:21:36 AM","Retain as development evidence; do not use as the official final V3 evaluation unless separately verified."
"evaluate_step7n_operational_economic.py","Development History","HISTORICAL","11.97","9/1/2026 7:55:50 PM","Retain as development evidence; do not use as the official final V3 evaluation unless separately verified."
"evaluate_step7o_baseline_comparison.py","Development History","HISTORICAL","18.56","9/1/2026 8:00:21 PM","Retain as development evidence; do not use as the official final V3 evaluation unless separately verified."
"evaluate_step7o_rule_based_comparison.py","Development History","HISTORICAL","15.4","9/1/2026 8:03:11 PM","Retain as development evidence; do not use as the official final V3 evaluation unless separately verified."
"evaluate_step7p_risk_robustness.py","Development History","HISTORICAL","10.46","9/1/2026 8:05:42 PM","Retain as development evidence; do not use as the official final V3 evaluation unless separately verified."
"generate_step7q_publication_figures.py","Development History","HISTORICAL","5.75","9/1/2026 8:08:16 PM","Retain as development evidence; do not use as the official final V3 evaluation unless separately verified."
"generate_step7q_representative_dispatch.py","Development History","HISTORICAL","19.07","9/1/2026 8:12:07 PM","Retain as development evidence; do not use as the official final V3 evaluation unless separately verified."
"inspect_step7n_physical_info.py","Development History","HISTORICAL","2.87","9/1/2026 7:53:51 PM","Retain as development evidence; do not use as the official final V3 evaluation unless separately verified."
"train_real_fc_hmarl_reserve_corrected.py","Development History","HISTORICAL","50.78","9/1/2026 8:33:19 PM","Retain as development evidence; do not use as the official final V3 evaluation unless separately verified."
"train_real_fc_hmarl_reserve_corrected_v2.py","Development History","HISTORICAL","51.87","9/1/2026 8:34:48 PM","Retain as development evidence; do not use as the official final V3 evaluation unless separately verified."
"validate_step7r_corrected_reserve.py","Development History","HISTORICAL","15.78","9/1/2026 8:29:05 PM","Retain as development evidence; do not use as the official final V3 evaluation unless separately verified."
"data\raw\load\15minute_data_california\15minute_data_california.csv","Large Artifact","LARGE","135936.35","8/4/2026 6:37:59 AM","File is at least 50 MB. Retain if needed for reproducibility; review upload size before submission."
"data\raw\price\price_pjm.zip","Large Artifact","LARGE","161037.3","8/30/2026 11:46:52 PM","File is at least 50 MB. Retain if needed for reproducibility; review upload size before submission."
"outputs\checkpoints\real_fc_hmarl\coordinator_episode_3500.replay.npz","Large Artifact","LARGE","51457.08","9/1/2026 5:49:28 PM","File is at least 50 MB. Retain if needed for reproducibility; review upload size before submission."
"outputs\checkpoints\real_fc_hmarl\coordinator_episode_3600.replay.npz","Large Artifact","LARGE","52932.51","9/1/2026 5:54:53 PM","File is at least 50 MB. Retain if needed for reproducibility; review upload size before submission."
"outputs\checkpoints\real_fc_hmarl\coordinator_episode_3700.replay.npz","Large Artifact","LARGE","54387.75","9/1/2026 6:00:26 PM","File is at least 50 MB. Retain if needed for reproducibility; review upload size before submission."
"outputs\checkpoints\real_fc_hmarl\coordinator_episode_3800.replay.npz","Large Artifact","LARGE","55870.41","9/1/2026 6:05:45 PM","File is at least 50 MB. Retain if needed for reproducibility; review upload size before submission."
"outputs\checkpoints\real_fc_hmarl\coordinator_episode_3900.replay.npz","Large Artifact","LARGE","57329.81","9/1/2026 6:11:03 PM","File is at least 50 MB. Retain if needed for reproducibility; review upload size before submission."
"outputs\checkpoints\real_fc_hmarl\coordinator_episode_4000.replay.npz","Large Artifact","LARGE","58818.81","9/1/2026 6:16:17 PM","File is at least 50 MB. Retain if needed for reproducibility; review upload size before submission."
"outputs\checkpoints\real_fc_hmarl\coordinator_episode_4100.replay.npz","Large Artifact","LARGE","60299.71","9/1/2026 6:21:36 PM","File is at least 50 MB. Retain if needed for reproducibility; review upload size before submission."
"outputs\checkpoints\real_fc_hmarl\coordinator_episode_4200.replay.npz","Large Artifact","LARGE","61766","9/1/2026 6:26:57 PM","File is at least 50 MB. Retain if needed for reproducibility; review upload size before submission."
"outputs\checkpoints\real_fc_hmarl\coordinator_episode_4300.replay.npz","Large Artifact","LARGE","63239.09","9/1/2026 6:32:20 PM","File is at least 50 MB. Retain if needed for reproducibility; review upload size before submission."
"outputs\checkpoints\real_fc_hmarl\coordinator_episode_4400.replay.npz","Large Artifact","LARGE","64711.59","9/1/2026 6:37:56 PM","File is at least 50 MB. Retain if needed for reproducibility; review upload size before submission."
"outputs\checkpoints\real_fc_hmarl\coordinator_episode_4500.replay.npz","Large Artifact","LARGE","66180.45","9/1/2026 6:43:12 PM","File is at least 50 MB. Retain if needed for reproducibility; review upload size before submission."
"outputs\checkpoints\real_fc_hmarl\coordinator_episode_4600.replay.npz","Large Artifact","LARGE","67653.49","9/1/2026 6:48:25 PM","File is at least 50 MB. Retain if needed for reproducibility; review upload size before submission."
"outputs\checkpoints\real_fc_hmarl\coordinator_episode_4700.replay.npz","Large Artifact","LARGE","69117.59","9/1/2026 6:53:36 PM","File is at least 50 MB. Retain if needed for reproducibility; review upload size before submission."
"outputs\checkpoints\real_fc_hmarl\coordinator_episode_4800.replay.npz","Large Artifact","LARGE","70587.85","9/1/2026 6:58:51 PM","File is at least 50 MB. Retain if needed for reproducibility; review upload size before submission."
"outputs\checkpoints\real_fc_hmarl\coordinator_episode_4900.replay.npz","Large Artifact","LARGE","72049.3","9/1/2026 7:04:20 PM","File is at least 50 MB. Retain if needed for reproducibility; review upload size before submission."
"outputs\checkpoints\real_fc_hmarl\coordinator_episode_5000.replay.npz","Large Artifact","LARGE","73522.85","9/1/2026 7:09:47 PM","File is at least 50 MB. Retain if needed for reproducibility; review upload size before submission."
"outputs\checkpoints\real_fc_hmarl\local_agent_1_episode_3500.replay.npz","Large Artifact","LARGE","52605.24","9/1/2026 5:49:14 PM","File is at least 50 MB. Retain if needed for reproducibility; review upload size before submission."
"outputs\checkpoints\real_fc_hmarl\local_agent_1_episode_3600.replay.npz","Large Artifact","LARGE","54115.8","9/1/2026 5:54:39 PM","File is at least 50 MB. Retain if needed for reproducibility; review upload size before submission."
"outputs\checkpoints\real_fc_hmarl\local_agent_1_episode_3700.replay.npz","Large Artifact","LARGE","55609.96","9/1/2026 6:00:12 PM","File is at least 50 MB. Retain if needed for reproducibility; review upload size before submission."
"outputs\checkpoints\real_fc_hmarl\local_agent_1_episode_3800.replay.npz","Large Artifact","LARGE","57126.46","9/1/2026 6:05:32 PM","File is at least 50 MB. Retain if needed for reproducibility; review upload size before submission."
"outputs\checkpoints\real_fc_hmarl\local_agent_1_episode_3900.replay.npz","Large Artifact","LARGE","58619.53","9/1/2026 6:10:48 PM","File is at least 50 MB. Retain if needed for reproducibility; review upload size before submission."
"outputs\checkpoints\real_fc_hmarl\local_agent_1_episode_4000.replay.npz","Large Artifact","LARGE","60143.82","9/1/2026 6:16:02 PM","File is at least 50 MB. Retain if needed for reproducibility; review upload size before submission."
"outputs\checkpoints\real_fc_hmarl\local_agent_1_episode_4100.replay.npz","Large Artifact","LARGE","61660.82","9/1/2026 6:21:20 PM","File is at least 50 MB. Retain if needed for reproducibility; review upload size before submission."
"outputs\checkpoints\real_fc_hmarl\local_agent_1_episode_4200.replay.npz","Large Artifact","LARGE","63162.54","9/1/2026 6:26:42 PM","File is at least 50 MB. Retain if needed for reproducibility; review upload size before submission."
"outputs\checkpoints\real_fc_hmarl\local_agent_1_episode_4300.replay.npz","Large Artifact","LARGE","64671.34","9/1/2026 6:32:04 PM","File is at least 50 MB. Retain if needed for reproducibility; review upload size before submission."
"outputs\checkpoints\real_fc_hmarl\local_agent_1_episode_4400.replay.npz","Large Artifact","LARGE","66178.76","9/1/2026 6:37:39 PM","File is at least 50 MB. Retain if needed for reproducibility; review upload size before submission."
"outputs\checkpoints\real_fc_hmarl\local_agent_1_episode_4500.replay.npz","Large Artifact","LARGE","67682.84","9/1/2026 6:42:56 PM","File is at least 50 MB. Retain if needed for reproducibility; review upload size before submission."
"outputs\checkpoints\real_fc_hmarl\local_agent_1_episode_4600.replay.npz","Large Artifact","LARGE","69188.5","9/1/2026 6:48:08 PM","File is at least 50 MB. Retain if needed for reproducibility; review upload size before submission."
"outputs\checkpoints\real_fc_hmarl\local_agent_1_episode_4700.replay.npz","Large Artifact","LARGE","70685.39","9/1/2026 6:53:19 PM","File is at least 50 MB. Retain if needed for reproducibility; review upload size before submission."
"outputs\checkpoints\real_fc_hmarl\local_agent_1_episode_4800.replay.npz","Large Artifact","LARGE","72188.85","9/1/2026 6:58:34 PM","File is at least 50 MB. Retain if needed for reproducibility; review upload size before submission."
"outputs\checkpoints\real_fc_hmarl\local_agent_1_episode_4900.replay.npz","Large Artifact","LARGE","73682.85","9/1/2026 7:04:02 PM","File is at least 50 MB. Retain if needed for reproducibility; review upload size before submission."
"outputs\checkpoints\real_fc_hmarl\local_agent_1_episode_5000.replay.npz","Large Artifact","LARGE","75189.68","9/1/2026 7:09:28 PM","File is at least 50 MB. Retain if needed for reproducibility; review upload size before submission."
"outputs\checkpoints\real_fc_hmarl\local_agent_2_episode_3500.replay.npz","Large Artifact","LARGE","52640.15","9/1/2026 5:49:17 PM","File is at least 50 MB. Retain if needed for reproducibility; review upload size before submission."
"outputs\checkpoints\real_fc_hmarl\local_agent_2_episode_3600.replay.npz","Large Artifact","LARGE","54151.19","9/1/2026 5:54:42 PM","File is at least 50 MB. Retain if needed for reproducibility; review upload size before submission."
"outputs\checkpoints\real_fc_hmarl\local_agent_2_episode_3700.replay.npz","Large Artifact","LARGE","55646.08","9/1/2026 6:00:15 PM","File is at least 50 MB. Retain if needed for reproducibility; review upload size before submission."
"outputs\checkpoints\real_fc_hmarl\local_agent_2_episode_3800.replay.npz","Large Artifact","LARGE","57163.42","9/1/2026 6:05:34 PM","File is at least 50 MB. Retain if needed for reproducibility; review upload size before submission."
"outputs\checkpoints\real_fc_hmarl\local_agent_2_episode_3900.replay.npz","Large Artifact","LARGE","58656.75","9/1/2026 6:10:51 PM","File is at least 50 MB. Retain if needed for reproducibility; review upload size before submission."
"outputs\checkpoints\real_fc_hmarl\local_agent_2_episode_4000.replay.npz","Large Artifact","LARGE","60181.31","9/1/2026 6:16:05 PM","File is at least 50 MB. Retain if needed for reproducibility; review upload size before submission."
"outputs\checkpoints\real_fc_hmarl\local_agent_2_episode_4100.replay.npz","Large Artifact","LARGE","61697.53","9/1/2026 6:21:23 PM","File is at least 50 MB. Retain if needed for reproducibility; review upload size before submission."
"outputs\checkpoints\real_fc_hmarl\local_agent_2_episode_4200.replay.npz","Large Artifact","LARGE","63199.04","9/1/2026 6:26:45 PM","File is at least 50 MB. Retain if needed for reproducibility; review upload size before submission."
"outputs\checkpoints\real_fc_hmarl\local_agent_2_episode_4300.replay.npz","Large Artifact","LARGE","64707.39","9/1/2026 6:32:07 PM","File is at least 50 MB. Retain if needed for reproducibility; review upload size before submission."
"outputs\checkpoints\real_fc_hmarl\local_agent_2_episode_4400.replay.npz","Large Artifact","LARGE","66214.83","9/1/2026 6:37:42 PM","File is at least 50 MB. Retain if needed for reproducibility; review upload size before submission."
"outputs\checkpoints\real_fc_hmarl\local_agent_2_episode_4500.replay.npz","Large Artifact","LARGE","67719.62","9/1/2026 6:42:59 PM","File is at least 50 MB. Retain if needed for reproducibility; review upload size before submission."
"outputs\checkpoints\real_fc_hmarl\local_agent_2_episode_4600.replay.npz","Large Artifact","LARGE","69227.12","9/1/2026 6:48:11 PM","File is at least 50 MB. Retain if needed for reproducibility; review upload size before submission."
"outputs\checkpoints\real_fc_hmarl\local_agent_2_episode_4700.replay.npz","Large Artifact","LARGE","70726.21","9/1/2026 6:53:22 PM","File is at least 50 MB. Retain if needed for reproducibility; review upload size before submission."
"outputs\checkpoints\real_fc_hmarl\local_agent_2_episode_4800.replay.npz","Large Artifact","LARGE","72233.1","9/1/2026 6:58:37 PM","File is at least 50 MB. Retain if needed for reproducibility; review upload size before submission."
"outputs\checkpoints\real_fc_hmarl\local_agent_2_episode_4900.replay.npz","Large Artifact","LARGE","73731.92","9/1/2026 7:04:05 PM","File is at least 50 MB. Retain if needed for reproducibility; review upload size before submission."
"outputs\checkpoints\real_fc_hmarl\local_agent_2_episode_5000.replay.npz","Large Artifact","LARGE","75242.65","9/1/2026 7:09:31 PM","File is at least 50 MB. Retain if needed for reproducibility; review upload size before submission."
"outputs\checkpoints\real_fc_hmarl\local_agent_3_episode_3500.replay.npz","Large Artifact","LARGE","52630.16","9/1/2026 5:49:20 PM","File is at least 50 MB. Retain if needed for reproducibility; review upload size before submission."
"outputs\checkpoints\real_fc_hmarl\local_agent_3_episode_3600.replay.npz","Large Artifact","LARGE","54141.27","9/1/2026 5:54:45 PM","File is at least 50 MB. Retain if needed for reproducibility; review upload size before submission."
"outputs\checkpoints\real_fc_hmarl\local_agent_3_episode_3700.replay.npz","Large Artifact","LARGE","55636.69","9/1/2026 6:00:18 PM","File is at least 50 MB. Retain if needed for reproducibility; review upload size before submission."
"outputs\checkpoints\real_fc_hmarl\local_agent_3_episode_3800.replay.npz","Large Artifact","LARGE","57154.07","9/1/2026 6:05:37 PM","File is at least 50 MB. Retain if needed for reproducibility; review upload size before submission."
"outputs\checkpoints\real_fc_hmarl\local_agent_3_episode_3900.replay.npz","Large Artifact","LARGE","58648.21","9/1/2026 6:10:54 PM","File is at least 50 MB. Retain if needed for reproducibility; review upload size before submission."
"outputs\checkpoints\real_fc_hmarl\local_agent_3_episode_4000.replay.npz","Large Artifact","LARGE","60173.03","9/1/2026 6:16:08 PM","File is at least 50 MB. Retain if needed for reproducibility; review upload size before submission."
"outputs\checkpoints\real_fc_hmarl\local_agent_3_episode_4100.replay.npz","Large Artifact","LARGE","61690.21","9/1/2026 6:21:26 PM","File is at least 50 MB. Retain if needed for reproducibility; review upload size before submission."
"outputs\checkpoints\real_fc_hmarl\local_agent_3_episode_4200.replay.npz","Large Artifact","LARGE","63192.89","9/1/2026 6:26:48 PM","File is at least 50 MB. Retain if needed for reproducibility; review upload size before submission."
"outputs\checkpoints\real_fc_hmarl\local_agent_3_episode_4300.replay.npz","Large Artifact","LARGE","64701.99","9/1/2026 6:32:10 PM","File is at least 50 MB. Retain if needed for reproducibility; review upload size before submission."
"outputs\checkpoints\real_fc_hmarl\local_agent_3_episode_4400.replay.npz","Large Artifact","LARGE","66210.04","9/1/2026 6:37:46 PM","File is at least 50 MB. Retain if needed for reproducibility; review upload size before submission."
"outputs\checkpoints\real_fc_hmarl\local_agent_3_episode_4500.replay.npz","Large Artifact","LARGE","67714.23","9/1/2026 6:43:03 PM","File is at least 50 MB. Retain if needed for reproducibility; review upload size before submission."
"outputs\checkpoints\real_fc_hmarl\local_agent_3_episode_4600.replay.npz","Large Artifact","LARGE","69221.62","9/1/2026 6:48:15 PM","File is at least 50 MB. Retain if needed for reproducibility; review upload size before submission."
"outputs\checkpoints\real_fc_hmarl\local_agent_3_episode_4700.replay.npz","Large Artifact","LARGE","70720.43","9/1/2026 6:53:26 PM","File is at least 50 MB. Retain if needed for reproducibility; review upload size before submission."
"outputs\checkpoints\real_fc_hmarl\local_agent_3_episode_4800.replay.npz","Large Artifact","LARGE","72226.83","9/1/2026 6:58:41 PM","File is at least 50 MB. Retain if needed for reproducibility; review upload size before submission."
"outputs\checkpoints\real_fc_hmarl\local_agent_3_episode_4900.replay.npz","Large Artifact","LARGE","73723.86","9/1/2026 7:04:09 PM","File is at least 50 MB. Retain if needed for reproducibility; review upload size before submission."
"outputs\checkpoints\real_fc_hmarl\local_agent_3_episode_5000.replay.npz","Large Artifact","LARGE","75233.44","9/1/2026 7:09:35 PM","File is at least 50 MB. Retain if needed for reproducibility; review upload size before submission."
"outputs\checkpoints\real_fc_hmarl\local_agent_4_episode_3400.replay.npz","Large Artifact","LARGE","51213.8","9/1/2026 5:43:57 PM","File is at least 50 MB. Retain if needed for reproducibility; review upload size before submission."
"outputs\checkpoints\real_fc_hmarl\local_agent_4_episode_3500.replay.npz","Large Artifact","LARGE","52720.93","9/1/2026 5:49:23 PM","File is at least 50 MB. Retain if needed for reproducibility; review upload size before submission."
"outputs\checkpoints\real_fc_hmarl\local_agent_4_episode_3600.replay.npz","Large Artifact","LARGE","54233.02","9/1/2026 5:54:48 PM","File is at least 50 MB. Retain if needed for reproducibility; review upload size before submission."
"outputs\checkpoints\real_fc_hmarl\local_agent_4_episode_3700.replay.npz","Large Artifact","LARGE","55729.14","9/1/2026 6:00:21 PM","File is at least 50 MB. Retain if needed for reproducibility; review upload size before submission."
"outputs\checkpoints\real_fc_hmarl\local_agent_4_episode_3800.replay.npz","Large Artifact","LARGE","57248.1","9/1/2026 6:05:40 PM","File is at least 50 MB. Retain if needed for reproducibility; review upload size before submission."
"outputs\checkpoints\real_fc_hmarl\local_agent_4_episode_3900.replay.npz","Large Artifact","LARGE","58743.23","9/1/2026 6:10:57 PM","File is at least 50 MB. Retain if needed for reproducibility; review upload size before submission."
"outputs\checkpoints\real_fc_hmarl\local_agent_4_episode_4000.replay.npz","Large Artifact","LARGE","60269.13","9/1/2026 6:16:11 PM","File is at least 50 MB. Retain if needed for reproducibility; review upload size before submission."
"outputs\checkpoints\real_fc_hmarl\local_agent_4_episode_4100.replay.npz","Large Artifact","LARGE","61786.83","9/1/2026 6:21:30 PM","File is at least 50 MB. Retain if needed for reproducibility; review upload size before submission."
"outputs\checkpoints\real_fc_hmarl\local_agent_4_episode_4200.replay.npz","Large Artifact","LARGE","63290.56","9/1/2026 6:26:52 PM","File is at least 50 MB. Retain if needed for reproducibility; review upload size before submission."
"outputs\checkpoints\real_fc_hmarl\local_agent_4_episode_4300.replay.npz","Large Artifact","LARGE","64800.48","9/1/2026 6:32:14 PM","File is at least 50 MB. Retain if needed for reproducibility; review upload size before submission."
"outputs\checkpoints\real_fc_hmarl\local_agent_4_episode_4400.replay.npz","Large Artifact","LARGE","66309.55","9/1/2026 6:37:49 PM","File is at least 50 MB. Retain if needed for reproducibility; review upload size before submission."
"outputs\checkpoints\real_fc_hmarl\local_agent_4_episode_4500.replay.npz","Large Artifact","LARGE","67815.54","9/1/2026 6:43:06 PM","File is at least 50 MB. Retain if needed for reproducibility; review upload size before submission."
"outputs\checkpoints\real_fc_hmarl\local_agent_4_episode_4600.replay.npz","Large Artifact","LARGE","69324.44","9/1/2026 6:48:18 PM","File is at least 50 MB. Retain if needed for reproducibility; review upload size before submission."
"outputs\checkpoints\real_fc_hmarl\local_agent_4_episode_4700.replay.npz","Large Artifact","LARGE","70824.46","9/1/2026 6:53:29 PM","File is at least 50 MB. Retain if needed for reproducibility; review upload size before submission."
"outputs\checkpoints\real_fc_hmarl\local_agent_4_episode_4800.replay.npz","Large Artifact","LARGE","72331.79","9/1/2026 6:58:44 PM","File is at least 50 MB. Retain if needed for reproducibility; review upload size before submission."
"outputs\checkpoints\real_fc_hmarl\local_agent_4_episode_4900.replay.npz","Large Artifact","LARGE","73830.26","9/1/2026 7:04:13 PM","File is at least 50 MB. Retain if needed for reproducibility; review upload size before submission."
"outputs\checkpoints\real_fc_hmarl\local_agent_4_episode_5000.replay.npz","Large Artifact","LARGE","75340.99","9/1/2026 7:09:39 PM","File is at least 50 MB. Retain if needed for reproducibility; review upload size before submission."
"outputs\checkpoints\real_fc_hmarl\local_agent_5_episode_3400.replay.npz","Large Artifact","LARGE","51256.27","9/1/2026 5:44:00 PM","File is at least 50 MB. Retain if needed for reproducibility; review upload size before submission."
"outputs\checkpoints\real_fc_hmarl\local_agent_5_episode_3500.replay.npz","Large Artifact","LARGE","52763.53","9/1/2026 5:49:26 PM","File is at least 50 MB. Retain if needed for reproducibility; review upload size before submission."
"outputs\checkpoints\real_fc_hmarl\local_agent_5_episode_3600.replay.npz","Large Artifact","LARGE","54276.1","9/1/2026 5:54:51 PM","File is at least 50 MB. Retain if needed for reproducibility; review upload size before submission."
"outputs\checkpoints\real_fc_hmarl\local_agent_5_episode_3700.replay.npz","Large Artifact","LARGE","55771.94","9/1/2026 6:00:23 PM","File is at least 50 MB. Retain if needed for reproducibility; review upload size before submission."
"outputs\checkpoints\real_fc_hmarl\local_agent_5_episode_3800.replay.npz","Large Artifact","LARGE","57290.79","9/1/2026 6:05:42 PM","File is at least 50 MB. Retain if needed for reproducibility; review upload size before submission."
"outputs\checkpoints\real_fc_hmarl\local_agent_5_episode_3900.replay.npz","Large Artifact","LARGE","58785.71","9/1/2026 6:11:00 PM","File is at least 50 MB. Retain if needed for reproducibility; review upload size before submission."
"outputs\checkpoints\real_fc_hmarl\local_agent_5_episode_4000.replay.npz","Large Artifact","LARGE","60310.8","9/1/2026 6:16:14 PM","File is at least 50 MB. Retain if needed for reproducibility; review upload size before submission."
"outputs\checkpoints\real_fc_hmarl\local_agent_5_episode_4100.replay.npz","Large Artifact","LARGE","61828.12","9/1/2026 6:21:33 PM","File is at least 50 MB. Retain if needed for reproducibility; review upload size before submission."
"outputs\checkpoints\real_fc_hmarl\local_agent_5_episode_4200.replay.npz","Large Artifact","LARGE","63331.06","9/1/2026 6:26:55 PM","File is at least 50 MB. Retain if needed for reproducibility; review upload size before submission."
"outputs\checkpoints\real_fc_hmarl\local_agent_5_episode_4300.replay.npz","Large Artifact","LARGE","64840.78","9/1/2026 6:32:17 PM","File is at least 50 MB. Retain if needed for reproducibility; review upload size before submission."
"outputs\checkpoints\real_fc_hmarl\local_agent_5_episode_4400.replay.npz","Large Artifact","LARGE","66349.79","9/1/2026 6:37:52 PM","File is at least 50 MB. Retain if needed for reproducibility; review upload size before submission."
"outputs\checkpoints\real_fc_hmarl\local_agent_5_episode_4500.replay.npz","Large Artifact","LARGE","67854.69","9/1/2026 6:43:09 PM","File is at least 50 MB. Retain if needed for reproducibility; review upload size before submission."
"outputs\checkpoints\real_fc_hmarl\local_agent_5_episode_4600.replay.npz","Large Artifact","LARGE","69362.45","9/1/2026 6:48:21 PM","File is at least 50 MB. Retain if needed for reproducibility; review upload size before submission."
"outputs\checkpoints\real_fc_hmarl\local_agent_5_episode_4700.replay.npz","Large Artifact","LARGE","70861.89","9/1/2026 6:53:33 PM","File is at least 50 MB. Retain if needed for reproducibility; review upload size before submission."
"outputs\checkpoints\real_fc_hmarl\local_agent_5_episode_4800.replay.npz","Large Artifact","LARGE","72368.12","9/1/2026 6:58:48 PM","File is at least 50 MB. Retain if needed for reproducibility; review upload size before submission."
"outputs\checkpoints\real_fc_hmarl\local_agent_5_episode_4900.replay.npz","Large Artifact","LARGE","73865.54","9/1/2026 7:04:16 PM","File is at least 50 MB. Retain if needed for reproducibility; review upload size before submission."
"outputs\checkpoints\real_fc_hmarl\local_agent_5_episode_5000.replay.npz","Large Artifact","LARGE","75375.32","9/1/2026 7:09:43 PM","File is at least 50 MB. Retain if needed for reproducibility; review upload size before submission."
"outputs\checkpoints\real_fc_hmarl_final_v3\coordinator_episode_3500.replay.npz","Large Artifact","LARGE","51471.58","9/3/2026 9:30:13 PM","File is at least 50 MB. Retain if needed for reproducibility; review upload size before submission."
"outputs\checkpoints\real_fc_hmarl_final_v3\coordinator_episode_3600.replay.npz","Large Artifact","LARGE","52947.79","9/3/2026 9:35:19 PM","File is at least 50 MB. Retain if needed for reproducibility; review upload size before submission."
"outputs\checkpoints\real_fc_hmarl_final_v3\coordinator_episode_3700.replay.npz","Large Artifact","LARGE","54403.31","9/3/2026 10:04:46 PM","File is at least 50 MB. Retain if needed for reproducibility; review upload size before submission."
"outputs\checkpoints\real_fc_hmarl_final_v3\coordinator_episode_3800.replay.npz","Large Artifact","LARGE","55885.83","9/3/2026 10:11:22 PM","File is at least 50 MB. Retain if needed for reproducibility; review upload size before submission."
"outputs\checkpoints\real_fc_hmarl_final_v3\coordinator_episode_3900.replay.npz","Large Artifact","LARGE","57345.19","9/3/2026 10:17:52 PM","File is at least 50 MB. Retain if needed for reproducibility; review upload size before submission."
"outputs\checkpoints\real_fc_hmarl_final_v3\coordinator_episode_4000.replay.npz","Large Artifact","LARGE","58833.96","9/3/2026 10:24:23 PM","File is at least 50 MB. Retain if needed for reproducibility; review upload size before submission."
"outputs\checkpoints\real_fc_hmarl_final_v3\coordinator_episode_4100.replay.npz","Large Artifact","LARGE","60315.55","9/3/2026 10:31:08 PM","File is at least 50 MB. Retain if needed for reproducibility; review upload size before submission."
"outputs\checkpoints\real_fc_hmarl_final_v3\coordinator_episode_4200.replay.npz","Large Artifact","LARGE","61781.87","9/3/2026 10:38:10 PM","File is at least 50 MB. Retain if needed for reproducibility; review upload size before submission."
"outputs\checkpoints\real_fc_hmarl_final_v3\coordinator_episode_4300.replay.npz","Large Artifact","LARGE","63254.69","9/3/2026 10:44:54 PM","File is at least 50 MB. Retain if needed for reproducibility; review upload size before submission."
"outputs\checkpoints\real_fc_hmarl_final_v3\coordinator_episode_4400.replay.npz","Large Artifact","LARGE","64727.21","9/3/2026 10:51:24 PM","File is at least 50 MB. Retain if needed for reproducibility; review upload size before submission."
"outputs\checkpoints\real_fc_hmarl_final_v3\coordinator_episode_4500.replay.npz","Large Artifact","LARGE","66196.02","9/3/2026 10:57:55 PM","File is at least 50 MB. Retain if needed for reproducibility; review upload size before submission."
"outputs\checkpoints\real_fc_hmarl_final_v3\coordinator_episode_4600.replay.npz","Large Artifact","LARGE","67669.21","9/3/2026 11:04:38 PM","File is at least 50 MB. Retain if needed for reproducibility; review upload size before submission."
"outputs\checkpoints\real_fc_hmarl_final_v3\coordinator_episode_4700.replay.npz","Large Artifact","LARGE","69133.17","9/3/2026 11:11:22 PM","File is at least 50 MB. Retain if needed for reproducibility; review upload size before submission."
"outputs\checkpoints\real_fc_hmarl_final_v3\coordinator_episode_4800.replay.npz","Large Artifact","LARGE","70603.94","9/3/2026 11:18:03 PM","File is at least 50 MB. Retain if needed for reproducibility; review upload size before submission."
"outputs\checkpoints\real_fc_hmarl_final_v3\coordinator_episode_4900.replay.npz","Large Artifact","LARGE","72065.14","9/3/2026 11:24:54 PM","File is at least 50 MB. Retain if needed for reproducibility; review upload size before submission."
"outputs\checkpoints\real_fc_hmarl_final_v3\coordinator_episode_5000.replay.npz","Large Artifact","LARGE","73538.61","9/3/2026 11:31:36 PM","File is at least 50 MB. Retain if needed for reproducibility; review upload size before submission."
"outputs\checkpoints\real_fc_hmarl_final_v3\local_agent_1_episode_3500.replay.npz","Large Artifact","LARGE","52581.56","9/3/2026 9:30:00 PM","File is at least 50 MB. Retain if needed for reproducibility; review upload size before submission."
"outputs\checkpoints\real_fc_hmarl_final_v3\local_agent_1_episode_3600.replay.npz","Large Artifact","LARGE","54094.71","9/3/2026 9:35:06 PM","File is at least 50 MB. Retain if needed for reproducibility; review upload size before submission."
"outputs\checkpoints\real_fc_hmarl_final_v3\local_agent_1_episode_3700.replay.npz","Large Artifact","LARGE","55592.2","9/3/2026 10:04:32 PM","File is at least 50 MB. Retain if needed for reproducibility; review upload size before submission."
"outputs\checkpoints\real_fc_hmarl_final_v3\local_agent_1_episode_3800.replay.npz","Large Artifact","LARGE","57111.28","9/3/2026 10:11:08 PM","File is at least 50 MB. Retain if needed for reproducibility; review upload size before submission."
"outputs\checkpoints\real_fc_hmarl_final_v3\local_agent_1_episode_3900.replay.npz","Large Artifact","LARGE","58607.18","9/3/2026 10:17:37 PM","File is at least 50 MB. Retain if needed for reproducibility; review upload size before submission."
"outputs\checkpoints\real_fc_hmarl_final_v3\local_agent_1_episode_4000.replay.npz","Large Artifact","LARGE","60133.67","9/3/2026 10:24:08 PM","File is at least 50 MB. Retain if needed for reproducibility; review upload size before submission."
"outputs\checkpoints\real_fc_hmarl_final_v3\local_agent_1_episode_4100.replay.npz","Large Artifact","LARGE","61652.4","9/3/2026 10:30:53 PM","File is at least 50 MB. Retain if needed for reproducibility; review upload size before submission."
"outputs\checkpoints\real_fc_hmarl_final_v3\local_agent_1_episode_4200.replay.npz","Large Artifact","LARGE","63157.01","9/3/2026 10:37:55 PM","File is at least 50 MB. Retain if needed for reproducibility; review upload size before submission."
"outputs\checkpoints\real_fc_hmarl_final_v3\local_agent_1_episode_4300.replay.npz","Large Artifact","LARGE","64668.14","9/3/2026 10:44:38 PM","File is at least 50 MB. Retain if needed for reproducibility; review upload size before submission."
"outputs\checkpoints\real_fc_hmarl_final_v3\local_agent_1_episode_4400.replay.npz","Large Artifact","LARGE","66178.58","9/3/2026 10:51:08 PM","File is at least 50 MB. Retain if needed for reproducibility; review upload size before submission."
"outputs\checkpoints\real_fc_hmarl_final_v3\local_agent_1_episode_4500.replay.npz","Large Artifact","LARGE","67685.86","9/3/2026 10:57:38 PM","File is at least 50 MB. Retain if needed for reproducibility; review upload size before submission."
"outputs\checkpoints\real_fc_hmarl_final_v3\local_agent_1_episode_4600.replay.npz","Large Artifact","LARGE","69195.7","9/3/2026 11:04:20 PM","File is at least 50 MB. Retain if needed for reproducibility; review upload size before submission."
"outputs\checkpoints\real_fc_hmarl_final_v3\local_agent_1_episode_4700.replay.npz","Large Artifact","LARGE","70697.38","9/3/2026 11:11:05 PM","File is at least 50 MB. Retain if needed for reproducibility; review upload size before submission."
"outputs\checkpoints\real_fc_hmarl_final_v3\local_agent_1_episode_4800.replay.npz","Large Artifact","LARGE","72205.75","9/3/2026 11:17:46 PM","File is at least 50 MB. Retain if needed for reproducibility; review upload size before submission."
"outputs\checkpoints\real_fc_hmarl_final_v3\local_agent_1_episode_4900.replay.npz","Large Artifact","LARGE","73704.72","9/3/2026 11:24:36 PM","File is at least 50 MB. Retain if needed for reproducibility; review upload size before submission."
"outputs\checkpoints\real_fc_hmarl_final_v3\local_agent_1_episode_5000.replay.npz","Large Artifact","LARGE","75215.89","9/3/2026 11:31:19 PM","File is at least 50 MB. Retain if needed for reproducibility; review upload size before submission."
"outputs\checkpoints\real_fc_hmarl_final_v3\local_agent_2_episode_3400.replay.npz","Large Artifact","LARGE","51309.45","9/3/2026 9:24:57 PM","File is at least 50 MB. Retain if needed for reproducibility; review upload size before submission."
"outputs\checkpoints\real_fc_hmarl_final_v3\local_agent_2_episode_3500.replay.npz","Large Artifact","LARGE","52821.94","9/3/2026 9:30:02 PM","File is at least 50 MB. Retain if needed for reproducibility; review upload size before submission."
"outputs\checkpoints\real_fc_hmarl_final_v3\local_agent_2_episode_3600.replay.npz","Large Artifact","LARGE","54339.76","9/3/2026 9:35:09 PM","File is at least 50 MB. Retain if needed for reproducibility; review upload size before submission."
"outputs\checkpoints\real_fc_hmarl_final_v3\local_agent_2_episode_3700.replay.npz","Large Artifact","LARGE","55840.28","9/3/2026 10:04:35 PM","File is at least 50 MB. Retain if needed for reproducibility; review upload size before submission."
"outputs\checkpoints\real_fc_hmarl_final_v3\local_agent_2_episode_3800.replay.npz","Large Artifact","LARGE","57363.02","9/3/2026 10:11:10 PM","File is at least 50 MB. Retain if needed for reproducibility; review upload size before submission."
"outputs\checkpoints\real_fc_hmarl_final_v3\local_agent_2_episode_3900.replay.npz","Large Artifact","LARGE","58862.83","9/3/2026 10:17:40 PM","File is at least 50 MB. Retain if needed for reproducibility; review upload size before submission."
"outputs\checkpoints\real_fc_hmarl_final_v3\local_agent_2_episode_4000.replay.npz","Large Artifact","LARGE","60392.28","9/3/2026 10:24:11 PM","File is at least 50 MB. Retain if needed for reproducibility; review upload size before submission."
"outputs\checkpoints\real_fc_hmarl_final_v3\local_agent_2_episode_4100.replay.npz","Large Artifact","LARGE","61913.31","9/3/2026 10:30:56 PM","File is at least 50 MB. Retain if needed for reproducibility; review upload size before submission."
"outputs\checkpoints\real_fc_hmarl_final_v3\local_agent_2_episode_4200.replay.npz","Large Artifact","LARGE","63420.83","9/3/2026 10:37:58 PM","File is at least 50 MB. Retain if needed for reproducibility; review upload size before submission."
"outputs\checkpoints\real_fc_hmarl_final_v3\local_agent_2_episode_4300.replay.npz","Large Artifact","LARGE","64935.33","9/3/2026 10:44:41 PM","File is at least 50 MB. Retain if needed for reproducibility; review upload size before submission."
"outputs\checkpoints\real_fc_hmarl_final_v3\local_agent_2_episode_4400.replay.npz","Large Artifact","LARGE","66448.57","9/3/2026 10:51:11 PM","File is at least 50 MB. Retain if needed for reproducibility; review upload size before submission."
"outputs\checkpoints\real_fc_hmarl_final_v3\local_agent_2_episode_4500.replay.npz","Large Artifact","LARGE","67959.08","9/3/2026 10:57:42 PM","File is at least 50 MB. Retain if needed for reproducibility; review upload size before submission."
"outputs\checkpoints\real_fc_hmarl_final_v3\local_agent_2_episode_4600.replay.npz","Large Artifact","LARGE","69471.58","9/3/2026 11:04:24 PM","File is at least 50 MB. Retain if needed for reproducibility; review upload size before submission."
"outputs\checkpoints\real_fc_hmarl_final_v3\local_agent_2_episode_4700.replay.npz","Large Artifact","LARGE","70975.87","9/3/2026 11:11:09 PM","File is at least 50 MB. Retain if needed for reproducibility; review upload size before submission."
"outputs\checkpoints\real_fc_hmarl_final_v3\local_agent_2_episode_4800.replay.npz","Large Artifact","LARGE","72486.78","9/3/2026 11:17:50 PM","File is at least 50 MB. Retain if needed for reproducibility; review upload size before submission."
"outputs\checkpoints\real_fc_hmarl_final_v3\local_agent_2_episode_4900.replay.npz","Large Artifact","LARGE","73989.44","9/3/2026 11:24:39 PM","File is at least 50 MB. Retain if needed for reproducibility; review upload size before submission."
"outputs\checkpoints\real_fc_hmarl_final_v3\local_agent_2_episode_5000.replay.npz","Large Artifact","LARGE","75503.94","9/3/2026 11:31:23 PM","File is at least 50 MB. Retain if needed for reproducibility; review upload size before submission."
"outputs\checkpoints\real_fc_hmarl_final_v3\local_agent_3_episode_3500.replay.npz","Large Artifact","LARGE","52621.25","9/3/2026 9:30:05 PM","File is at least 50 MB. Retain if needed for reproducibility; review upload size before submission."
"outputs\checkpoints\real_fc_hmarl_final_v3\local_agent_3_episode_3600.replay.npz","Large Artifact","LARGE","54136.08","9/3/2026 9:35:11 PM","File is at least 50 MB. Retain if needed for reproducibility; review upload size before submission."
"outputs\checkpoints\real_fc_hmarl_final_v3\local_agent_3_episode_3700.replay.npz","Large Artifact","LARGE","55635.14","9/3/2026 10:04:38 PM","File is at least 50 MB. Retain if needed for reproducibility; review upload size before submission."
"outputs\checkpoints\real_fc_hmarl_final_v3\local_agent_3_episode_3800.replay.npz","Large Artifact","LARGE","57156.27","9/3/2026 10:11:13 PM","File is at least 50 MB. Retain if needed for reproducibility; review upload size before submission."
"outputs\checkpoints\real_fc_hmarl_final_v3\local_agent_3_episode_3900.replay.npz","Large Artifact","LARGE","58653.37","9/3/2026 10:17:43 PM","File is at least 50 MB. Retain if needed for reproducibility; review upload size before submission."
"outputs\checkpoints\real_fc_hmarl_final_v3\local_agent_3_episode_4000.replay.npz","Large Artifact","LARGE","60181.59","9/3/2026 10:24:14 PM","File is at least 50 MB. Retain if needed for reproducibility; review upload size before submission."
"outputs\checkpoints\real_fc_hmarl_final_v3\local_agent_3_episode_4100.replay.npz","Large Artifact","LARGE","61702.75","9/3/2026 10:30:59 PM","File is at least 50 MB. Retain if needed for reproducibility; review upload size before submission."
"outputs\checkpoints\real_fc_hmarl_final_v3\local_agent_3_episode_4200.replay.npz","Large Artifact","LARGE","63210.04","9/3/2026 10:38:01 PM","File is at least 50 MB. Retain if needed for reproducibility; review upload size before submission."
"outputs\checkpoints\real_fc_hmarl_final_v3\local_agent_3_episode_4300.replay.npz","Large Artifact","LARGE","64723","9/3/2026 10:44:44 PM","File is at least 50 MB. Retain if needed for reproducibility; review upload size before submission."
"outputs\checkpoints\real_fc_hmarl_final_v3\local_agent_3_episode_4400.replay.npz","Large Artifact","LARGE","66234.8","9/3/2026 10:51:14 PM","File is at least 50 MB. Retain if needed for reproducibility; review upload size before submission."
"outputs\checkpoints\real_fc_hmarl_final_v3\local_agent_3_episode_4500.replay.npz","Large Artifact","LARGE","67743.16","9/3/2026 10:57:45 PM","File is at least 50 MB. Retain if needed for reproducibility; review upload size before submission."
"outputs\checkpoints\real_fc_hmarl_final_v3\local_agent_3_episode_4600.replay.npz","Large Artifact","LARGE","69253.57","9/3/2026 11:04:27 PM","File is at least 50 MB. Retain if needed for reproducibility; review upload size before submission."
"outputs\checkpoints\real_fc_hmarl_final_v3\local_agent_3_episode_4700.replay.npz","Large Artifact","LARGE","70755.43","9/3/2026 11:11:12 PM","File is at least 50 MB. Retain if needed for reproducibility; review upload size before submission."
"outputs\checkpoints\real_fc_hmarl_final_v3\local_agent_3_episode_4800.replay.npz","Large Artifact","LARGE","72264.26","9/3/2026 11:17:53 PM","File is at least 50 MB. Retain if needed for reproducibility; review upload size before submission."
"outputs\checkpoints\real_fc_hmarl_final_v3\local_agent_3_episode_4900.replay.npz","Large Artifact","LARGE","73764.19","9/3/2026 11:24:43 PM","File is at least 50 MB. Retain if needed for reproducibility; review upload size before submission."
"outputs\checkpoints\real_fc_hmarl_final_v3\local_agent_3_episode_5000.replay.npz","Large Artifact","LARGE","75276.33","9/3/2026 11:31:26 PM","File is at least 50 MB. Retain if needed for reproducibility; review upload size before submission."
"outputs\checkpoints\real_fc_hmarl_final_v3\local_agent_4_episode_3500.replay.npz","Large Artifact","LARGE","52553.41","9/3/2026 9:30:08 PM","File is at least 50 MB. Retain if needed for reproducibility; review upload size before submission."
"outputs\checkpoints\real_fc_hmarl_final_v3\local_agent_4_episode_3600.replay.npz","Large Artifact","LARGE","54067.68","9/3/2026 9:35:14 PM","File is at least 50 MB. Retain if needed for reproducibility; review upload size before submission."
"outputs\checkpoints\real_fc_hmarl_final_v3\local_agent_4_episode_3700.replay.npz","Large Artifact","LARGE","55565.81","9/3/2026 10:04:40 PM","File is at least 50 MB. Retain if needed for reproducibility; review upload size before submission."
"outputs\checkpoints\real_fc_hmarl_final_v3\local_agent_4_episode_3800.replay.npz","Large Artifact","LARGE","57086.24","9/3/2026 10:11:16 PM","File is at least 50 MB. Retain if needed for reproducibility; review upload size before submission."
"outputs\checkpoints\real_fc_hmarl_final_v3\local_agent_4_episode_3900.replay.npz","Large Artifact","LARGE","58583.57","9/3/2026 10:17:46 PM","File is at least 50 MB. Retain if needed for reproducibility; review upload size before submission."
"outputs\checkpoints\real_fc_hmarl_final_v3\local_agent_4_episode_4000.replay.npz","Large Artifact","LARGE","60112.32","9/3/2026 10:24:17 PM","File is at least 50 MB. Retain if needed for reproducibility; review upload size before submission."
"outputs\checkpoints\real_fc_hmarl_final_v3\local_agent_4_episode_4100.replay.npz","Large Artifact","LARGE","61632.09","9/3/2026 10:31:02 PM","File is at least 50 MB. Retain if needed for reproducibility; review upload size before submission."
"outputs\checkpoints\real_fc_hmarl_final_v3\local_agent_4_episode_4200.replay.npz","Large Artifact","LARGE","63139.13","9/3/2026 10:38:04 PM","File is at least 50 MB. Retain if needed for reproducibility; review upload size before submission."
"outputs\checkpoints\real_fc_hmarl_final_v3\local_agent_4_episode_4300.replay.npz","Large Artifact","LARGE","64652.67","9/3/2026 10:44:48 PM","File is at least 50 MB. Retain if needed for reproducibility; review upload size before submission."
"outputs\checkpoints\real_fc_hmarl_final_v3\local_agent_4_episode_4400.replay.npz","Large Artifact","LARGE","66166.2","9/3/2026 10:51:17 PM","File is at least 50 MB. Retain if needed for reproducibility; review upload size before submission."
"outputs\checkpoints\real_fc_hmarl_final_v3\local_agent_4_episode_4500.replay.npz","Large Artifact","LARGE","67675.76","9/3/2026 10:57:49 PM","File is at least 50 MB. Retain if needed for reproducibility; review upload size before submission."
"outputs\checkpoints\real_fc_hmarl_final_v3\local_agent_4_episode_4600.replay.npz","Large Artifact","LARGE","69188.64","9/3/2026 11:04:31 PM","File is at least 50 MB. Retain if needed for reproducibility; review upload size before submission."
"outputs\checkpoints\real_fc_hmarl_final_v3\local_agent_4_episode_4700.replay.npz","Large Artifact","LARGE","70692.13","9/3/2026 11:11:16 PM","File is at least 50 MB. Retain if needed for reproducibility; review upload size before submission."
"outputs\checkpoints\real_fc_hmarl_final_v3\local_agent_4_episode_4800.replay.npz","Large Artifact","LARGE","72203.2","9/3/2026 11:17:57 PM","File is at least 50 MB. Retain if needed for reproducibility; review upload size before submission."
"outputs\checkpoints\real_fc_hmarl_final_v3\local_agent_4_episode_4900.replay.npz","Large Artifact","LARGE","73706.15","9/3/2026 11:24:47 PM","File is at least 50 MB. Retain if needed for reproducibility; review upload size before submission."
"outputs\checkpoints\real_fc_hmarl_final_v3\local_agent_4_episode_5000.replay.npz","Large Artifact","LARGE","75221.16","9/3/2026 11:31:30 PM","File is at least 50 MB. Retain if needed for reproducibility; review upload size before submission."
"outputs\checkpoints\real_fc_hmarl_final_v3\local_agent_5_episode_3500.replay.npz","Large Artifact","LARGE","52678.08","9/3/2026 9:30:10 PM","File is at least 50 MB. Retain if needed for reproducibility; review upload size before submission."
"outputs\checkpoints\real_fc_hmarl_final_v3\local_agent_5_episode_3600.replay.npz","Large Artifact","LARGE","54190.46","9/3/2026 9:35:17 PM","File is at least 50 MB. Retain if needed for reproducibility; review upload size before submission."
"outputs\checkpoints\real_fc_hmarl_final_v3\local_agent_5_episode_3700.replay.npz","Large Artifact","LARGE","55686.21","9/3/2026 10:04:43 PM","File is at least 50 MB. Retain if needed for reproducibility; review upload size before submission."
"outputs\checkpoints\real_fc_hmarl_final_v3\local_agent_5_episode_3800.replay.npz","Large Artifact","LARGE","57204.62","9/3/2026 10:11:19 PM","File is at least 50 MB. Retain if needed for reproducibility; review upload size before submission."
"outputs\checkpoints\real_fc_hmarl_final_v3\local_agent_5_episode_3900.replay.npz","Large Artifact","LARGE","58699.25","9/3/2026 10:17:49 PM","File is at least 50 MB. Retain if needed for reproducibility; review upload size before submission."
"outputs\checkpoints\real_fc_hmarl_final_v3\local_agent_5_episode_4000.replay.npz","Large Artifact","LARGE","60224.49","9/3/2026 10:24:20 PM","File is at least 50 MB. Retain if needed for reproducibility; review upload size before submission."
"outputs\checkpoints\real_fc_hmarl_final_v3\local_agent_5_episode_4100.replay.npz","Large Artifact","LARGE","61741.2","9/3/2026 10:31:05 PM","File is at least 50 MB. Retain if needed for reproducibility; review upload size before submission."
"outputs\checkpoints\real_fc_hmarl_final_v3\local_agent_5_episode_4200.replay.npz","Large Artifact","LARGE","63243.66","9/3/2026 10:38:07 PM","File is at least 50 MB. Retain if needed for reproducibility; review upload size before submission."
"outputs\checkpoints\real_fc_hmarl_final_v3\local_agent_5_episode_4300.replay.npz","Large Artifact","LARGE","64752.52","9/3/2026 10:44:51 PM","File is at least 50 MB. Retain if needed for reproducibility; review upload size before submission."
"outputs\checkpoints\real_fc_hmarl_final_v3\local_agent_5_episode_4400.replay.npz","Large Artifact","LARGE","66260.77","9/3/2026 10:51:20 PM","File is at least 50 MB. Retain if needed for reproducibility; review upload size before submission."
"outputs\checkpoints\real_fc_hmarl_final_v3\local_agent_5_episode_4500.replay.npz","Large Artifact","LARGE","67765.52","9/3/2026 10:57:52 PM","File is at least 50 MB. Retain if needed for reproducibility; review upload size before submission."
"outputs\checkpoints\real_fc_hmarl_final_v3\local_agent_5_episode_4600.replay.npz","Large Artifact","LARGE","69272.72","9/3/2026 11:04:34 PM","File is at least 50 MB. Retain if needed for reproducibility; review upload size before submission."
"outputs\checkpoints\real_fc_hmarl_final_v3\local_agent_5_episode_4700.replay.npz","Large Artifact","LARGE","70770.73","9/3/2026 11:11:19 PM","File is at least 50 MB. Retain if needed for reproducibility; review upload size before submission."
"outputs\checkpoints\real_fc_hmarl_final_v3\local_agent_5_episode_4800.replay.npz","Large Artifact","LARGE","72275.33","9/3/2026 11:18:00 PM","File is at least 50 MB. Retain if needed for reproducibility; review upload size before submission."
"outputs\checkpoints\real_fc_hmarl_final_v3\local_agent_5_episode_4900.replay.npz","Large Artifact","LARGE","73771.34","9/3/2026 11:24:50 PM","File is at least 50 MB. Retain if needed for reproducibility; review upload size before submission."
"outputs\checkpoints\real_fc_hmarl_final_v3\local_agent_5_episode_5000.replay.npz","Large Artifact","LARGE","75279.35","9/3/2026 11:31:33 PM","File is at least 50 MB. Retain if needed for reproducibility; review upload size before submission."
"generate_final_forecasting_figure.py","Plotting Script","REVIEW","21.24","9/4/2026 3:55:13 AM","Verify input workbook path and confirm no synthetic or random publication data are introduced."
"generate_forecast_confidence_evolution_figure.py","Plotting Script","REVIEW","8.47","9/4/2026 4:20:28 AM","Verify input workbook path and confirm no synthetic or random publication data are introduced."
"generate_forecast_horizon_performance_figure.py","Plotting Script","REVIEW","11.16","9/4/2026 4:13:27 AM","Verify input workbook path and confirm no synthetic or random publication data are introduced."
"generate_operational_dynamics_figure.py","Plotting Script","REVIEW","19.18","9/4/2026 4:24:26 AM","Verify input workbook path and confirm no synthetic or random publication data are introduced."
"generate_risk_revenue_sensitivity_figure.py","Plotting Script","REVIEW","24.25","9/4/2026 4:28:02 AM","Verify input workbook path and confirm no synthetic or random publication data are introduced."
"generate_step7q_publication_figures.py","Plotting Script","REVIEW","5.75","9/1/2026 8:08:16 PM","Verify input workbook path and confirm no synthetic or random publication data are introduced."
"generate_training_convergence_figure.py","Plotting Script","REVIEW","13.59","9/4/2026 4:47:07 AM","Verify input workbook path and confirm no synthetic or random publication data are introduced."
"generate_uncertainty_propagation_figure.py","Plotting Script","REVIEW","17.01","9/4/2026 4:02:59 AM","Verify input workbook path and confirm no synthetic or random publication data are introduced."
"generate_vpp_case_study_comparison_figure.py","Plotting Script","REVIEW","11.17","9/4/2026 4:42:38 AM","Verify input workbook path and confirm no synthetic or random publication data are introduced."
"generate_vpp_economic_operational_figure.py","Plotting Script","REVIEW","15.06","9/4/2026 4:37:42 AM","Verify input workbook path and confirm no synthetic or random publication data are introduced."
"data\Publication\forecasting_figure_data.xlsx","Primary Excel","REVIEW","22.11","7/26/2026 1:54:11 AM","Primary plotting/data workbook; verify final-V3 versus historical/manuscript provenance."
"data\Publication\uncertainty_propagation_figure_data.xlsx","Primary Excel","REVIEW","17.37","7/26/2026 4:29:27 PM","Primary plotting/data workbook; verify final-V3 versus historical/manuscript provenance."
"evaluation\data\case_studies\vpp_case_study_comparison_data.xlsx","Primary Excel","REVIEW","10.84","7/30/2026 2:22:00 AM","Primary plotting/data workbook; verify final-V3 versus historical/manuscript provenance."
"evaluation\data\forecast_horizon\forecast_horizon_metrics.xlsx","Primary Excel","REVIEW","12.88","9/4/2026 4:15:17 AM","Primary plotting/data workbook; verify final-V3 versus historical/manuscript provenance."
"evaluation\data\operational\fc_hmarl_operational_dynamics.xlsx","Primary Excel","REVIEW","47.36","7/26/2026 1:02:35 AM","Primary plotting/data workbook; verify final-V3 versus historical/manuscript provenance."
"evaluation\data\risk_economic\risk_revenue_sensitivity_data.xlsx","Primary Excel","REVIEW","14.46","7/26/2026 12:52:25 AM","Primary plotting/data workbook; verify final-V3 versus historical/manuscript provenance."
"evaluation\data\training_diagnostics\fc_hmarl_training_convergence_data.xlsx","Primary Excel","REVIEW","713.4","7/26/2026 6:40:04 PM","Primary plotting/data workbook; verify final-V3 versus historical/manuscript provenance."
"evaluation\data\vpp_performance\vpp_economic_operational_performance.xlsx","Primary Excel","REVIEW","12.47","7/30/2026 1:53:23 AM","Primary plotting/data workbook; verify final-V3 versus historical/manuscript provenance."
"forecasting\confidence_data\forecast_confidence_evolution_data.xlsx","Primary Excel","REVIEW","24.25","7/25/2026 8:11:58 PM","Primary plotting/data workbook; verify final-V3 versus historical/manuscript provenance."
"outputs\figures\FC_HMARL_Forecasting_Performance_FINAL.pdf","Publication Figure","REVIEW","39.1","9/4/2026 4:15:27 AM","Figure exists; verify its generating script and source data."
"outputs\figures\FC_HMARL_Forecasting_Performance_FINAL.png","Publication Figure","REVIEW","2432.97","9/4/2026 4:15:29 AM","Figure exists; verify its generating script and source data."
"outputs\figures\FC_HMARL_Forecasting_Performance_FINAL.svg","Publication Figure","REVIEW","216.32","9/4/2026 4:15:27 AM","Figure exists; verify its generating script and source data."
"outputs\figures\Figure1_Expanded_Bars.pdf","Publication Figure","REVIEW","53.61","9/4/2026 4:20:46 AM","Figure exists; verify its generating script and source data."
"outputs\figures\Figure1_Expanded_Bars.png","Publication Figure","REVIEW","1238.27","9/4/2026 4:20:47 AM","Figure exists; verify its generating script and source data."
"outputs\figures\Figure1_Expanded_Bars.svg","Publication Figure","REVIEW","228.2","9/4/2026 4:20:46 AM","Figure exists; verify its generating script and source data."
"outputs\figures\Figure2_Uncertainty_Propagation.pdf","Publication Figure","REVIEW","168","9/4/2026 4:04:39 AM","Figure exists; verify its generating script and source data."
"outputs\figures\Figure2_Uncertainty_Propagation.png","Publication Figure","REVIEW","1887.52","9/4/2026 4:04:40 AM","Figure exists; verify its generating script and source data."
"outputs\figures\Figure2_Uncertainty_Propagation.svg","Publication Figure","REVIEW","522.78","9/4/2026 4:04:38 AM","Figure exists; verify its generating script and source data."
"outputs\figures\Figure3_Training_Convergence.pdf","Publication Figure","REVIEW","1064.78","9/4/2026 4:47:32 AM","Figure exists; verify its generating script and source data."
"outputs\figures\Figure3_Training_Convergence.png","Publication Figure","REVIEW","2271.07","9/4/2026 4:47:33 AM","Figure exists; verify its generating script and source data."
"outputs\figures\Figure3_Training_Convergence.svg","Publication Figure","REVIEW","3134.65","9/4/2026 4:47:31 AM","Figure exists; verify its generating script and source data."
"outputs\figures\Figure6_Forecasting_Performance.pdf","Publication Figure","REVIEW","69.78","9/4/2026 3:55:37 AM","Figure exists; verify its generating script and source data."
"outputs\figures\Figure6_Forecasting_Performance.png","Publication Figure","REVIEW","1920.19","9/4/2026 3:55:38 AM","Figure exists; verify its generating script and source data."
"outputs\figures\Figure6_Forecasting_Performance.svg","Publication Figure","REVIEW","360.86","9/4/2026 3:55:36 AM","Figure exists; verify its generating script and source data."
"outputs\figures\Figure7_Operational_Dynamics.pdf","Publication Figure","REVIEW","71.8","9/4/2026 4:24:41 AM","Figure exists; verify its generating script and source data."
"outputs\figures\Figure7_Operational_Dynamics.png","Publication Figure","REVIEW","2566.6","9/4/2026 4:24:42 AM","Figure exists; verify its generating script and source data."
"outputs\figures\Figure7_Operational_Dynamics.svg","Publication Figure","REVIEW","329.94","9/4/2026 4:24:41 AM","Figure exists; verify its generating script and source data."
"outputs\figures\Figure8_Risk_Revenue_Sensitivity.pdf","Publication Figure","REVIEW","50.13","9/4/2026 4:28:18 AM","Figure exists; verify its generating script and source data."
"outputs\figures\Figure8_Risk_Revenue_Sensitivity.png","Publication Figure","REVIEW","2232.55","9/4/2026 4:28:20 AM","Figure exists; verify its generating script and source data."
"outputs\figures\Figure8_Risk_Revenue_Sensitivity.svg","Publication Figure","REVIEW","304.58","9/4/2026 4:28:18 AM","Figure exists; verify its generating script and source data."
"outputs\figures\step7q\Fig_7Q_A1_Benchmark_Comparison.pdf","Publication Figure","REVIEW","27.15","9/1/2026 8:08:33 PM","Figure exists; verify its generating script and source data."
"outputs\figures\step7q\Fig_7Q_A1_Benchmark_Comparison.png","Publication Figure","REVIEW","452.73","9/1/2026 8:08:33 PM","Figure exists; verify its generating script and source data."
"outputs\figures\step7q\Fig_7Q_A2_Risk_Comparison.pdf","Publication Figure","REVIEW","25.55","9/1/2026 8:08:34 PM","Figure exists; verify its generating script and source data."
"outputs\figures\step7q\Fig_7Q_A2_Risk_Comparison.png","Publication Figure","REVIEW","267.36","9/1/2026 8:08:34 PM","Figure exists; verify its generating script and source data."
"outputs\figures\step7q\Fig_7Q_B1_Load_PV_EV.pdf","Publication Figure","REVIEW","23.98","9/1/2026 8:12:25 PM","Figure exists; verify its generating script and source data."
"outputs\figures\step7q\Fig_7Q_B1_Load_PV_EV.png","Publication Figure","REVIEW","443.41","9/1/2026 8:12:25 PM","Figure exists; verify its generating script and source data."
"outputs\figures\step7q\Fig_7Q_B2_Grid_BESS.pdf","Publication Figure","REVIEW","22.83","9/1/2026 8:12:25 PM","Figure exists; verify its generating script and source data."
"outputs\figures\step7q\Fig_7Q_B2_Grid_BESS.png","Publication Figure","REVIEW","323.2","9/1/2026 8:12:25 PM","Figure exists; verify its generating script and source data."
"outputs\figures\step7q\Fig_7Q_B3_BESS_SOC.pdf","Publication Figure","REVIEW","22.71","9/1/2026 8:12:26 PM","Figure exists; verify its generating script and source data."
"outputs\figures\step7q\Fig_7Q_B3_BESS_SOC.png","Publication Figure","REVIEW","212.94","9/1/2026 8:12:26 PM","Figure exists; verify its generating script and source data."
"outputs\figures\step7q\Fig_7Q_B4_Sharing_Price.pdf","Publication Figure","REVIEW","25.42","9/1/2026 8:12:26 PM","Figure exists; verify its generating script and source data."
"outputs\figures\step7q\Fig_7Q_B4_Sharing_Price.png","Publication Figure","REVIEW","518.28","9/1/2026 8:12:26 PM","Figure exists; verify its generating script and source data."
"outputs\figures\VPP_Case_Study_Comparison.pdf","Publication Figure","REVIEW","88.37","9/4/2026 4:42:56 AM","Figure exists; verify its generating script and source data."
"outputs\figures\VPP_Case_Study_Comparison.png","Publication Figure","REVIEW","1517.57","9/4/2026 4:42:57 AM","Figure exists; verify its generating script and source data."
"outputs\figures\VPP_Case_Study_Comparison.svg","Publication Figure","REVIEW","535.44","9/4/2026 4:42:55 AM","Figure exists; verify its generating script and source data."
"outputs\figures\VPP_Economic_Operational_Performance.pdf","Publication Figure","REVIEW","57.74","9/4/2026 4:37:59 AM","Figure exists; verify its generating script and source data."
"outputs\figures\VPP_Economic_Operational_Performance.png","Publication Figure","REVIEW","2353.91","9/4/2026 4:38:00 AM","Figure exists; verify its generating script and source data."
"outputs\figures\VPP_Economic_Operational_Performance.svg","Publication Figure","REVIEW","348.87","9/4/2026 4:37:59 AM","Figure exists; verify its generating script and source data."
"build_economic_operational_performance_table.py","Table Script","REVIEW","6.69","9/4/2026 2:49:21 AM","Verify table values originate from validated final V3 results."
"build_final_benchmark_ablation_tables.py","Table Script","REVIEW","11.93","9/4/2026 3:28:41 AM","Verify table values originate from validated final V3 results."
"build_final_fc_hmarl_performance_table.py","Table Script","REVIEW","10.3","9/4/2026 2:46:39 AM","Verify table values originate from validated final V3 results."
"build_mg_coordinator_performance_table.py","Table Script","REVIEW","4.07","9/4/2026 2:48:02 AM","Verify table values originate from validated final V3 results."
"data\Publication\01_publication_source_snapshot.xlsx","Supporting Excel","SUPPORTING","22.11","7/26/2026 1:54:11 AM","Derived supporting artifact; not an independent model run."
"data\Publication\02_publication_cleaned_dataset.xlsx","Supporting Excel","SUPPORTING","16.99","9/4/2026 4:52:38 AM","Derived supporting artifact; not an independent model run."
"data\Publication\03_publication_summary_statistics.xlsx","Supporting Excel","SUPPORTING","7.72","9/4/2026 4:52:38 AM","Derived supporting artifact; not an independent model run."
"data\Publication\04_publication_validation_report.xlsx","Supporting Excel","SUPPORTING","7.12","9/4/2026 4:52:38 AM","Derived supporting artifact; not an independent model run."
"evaluation\data\case_studies\01_case_studies_source_snapshot.xlsx","Supporting Excel","SUPPORTING","10.84","7/30/2026 2:22:00 AM","Derived supporting artifact; not an independent model run."
"evaluation\data\case_studies\02_case_studies_cleaned_dataset.xlsx","Supporting Excel","SUPPORTING","6.52","9/4/2026 4:52:37 AM","Derived supporting artifact; not an independent model run."
"evaluation\data\case_studies\03_case_studies_summary_statistics.xlsx","Supporting Excel","SUPPORTING","6.8","9/4/2026 4:52:37 AM","Derived supporting artifact; not an independent model run."
"evaluation\data\case_studies\04_case_studies_validation_report.xlsx","Supporting Excel","SUPPORTING","6.86","9/4/2026 4:52:37 AM","Derived supporting artifact; not an independent model run."
"evaluation\data\forecast_horizon\01_forecast_horizon_source_snapshot.xlsx","Supporting Excel","SUPPORTING","12.88","9/4/2026 4:15:17 AM","Derived supporting artifact; not an independent model run."
"evaluation\data\forecast_horizon\02_forecast_horizon_cleaned_dataset.xlsx","Supporting Excel","SUPPORTING","7.47","9/4/2026 4:52:38 AM","Derived supporting artifact; not an independent model run."
"evaluation\data\forecast_horizon\03_forecast_horizon_summary_statistics.xlsx","Supporting Excel","SUPPORTING","6.45","9/4/2026 4:52:38 AM","Derived supporting artifact; not an independent model run."
"evaluation\data\forecast_horizon\04_forecast_horizon_validation_report.xlsx","Supporting Excel","SUPPORTING","6.32","9/4/2026 4:52:38 AM","Derived supporting artifact; not an independent model run."
"evaluation\data\operational\01_operational_source_snapshot.xlsx","Supporting Excel","SUPPORTING","47.36","7/26/2026 1:02:35 AM","Derived supporting artifact; not an independent model run."
"evaluation\data\operational\02_operational_cleaned_dataset.xlsx","Supporting Excel","SUPPORTING","39.9","9/4/2026 4:52:36 AM","Derived supporting artifact; not an independent model run."
"evaluation\data\operational\03_operational_summary_statistics.xlsx","Supporting Excel","SUPPORTING","5.86","9/4/2026 4:52:36 AM","Derived supporting artifact; not an independent model run."
"evaluation\data\operational\04_operational_validation_report.xlsx","Supporting Excel","SUPPORTING","5.62","9/4/2026 4:52:36 AM","Derived supporting artifact; not an independent model run."
"evaluation\data\risk_economic\01_risk_economic_source_snapshot.xlsx","Supporting Excel","SUPPORTING","14.46","7/26/2026 12:52:25 AM","Derived supporting artifact; not an independent model run."
"evaluation\data\risk_economic\02_risk_economic_cleaned_dataset.xlsx","Supporting Excel","SUPPORTING","8.85","9/4/2026 4:52:36 AM","Derived supporting artifact; not an independent model run."
"evaluation\data\risk_economic\03_risk_economic_summary_statistics.xlsx","Supporting Excel","SUPPORTING","9.49","9/4/2026 4:52:36 AM","Derived supporting artifact; not an independent model run."
"evaluation\data\risk_economic\04_risk_economic_validation_report.xlsx","Supporting Excel","SUPPORTING","9.45","9/4/2026 4:52:37 AM","Derived supporting artifact; not an independent model run."
"evaluation\data\training_diagnostics\01_training_diagnostics_source_snapshot.xlsx","Supporting Excel","SUPPORTING","713.4","7/26/2026 6:40:04 PM","Derived supporting artifact; not an independent model run."
"evaluation\data\training_diagnostics\02_training_diagnostics_cleaned_dataset.xlsx","Supporting Excel","SUPPORTING","713.21","9/4/2026 4:52:38 AM","Derived supporting artifact; not an independent model run."
"evaluation\data\training_diagnostics\03_training_diagnostics_summary_statistics.xlsx","Supporting Excel","SUPPORTING","7.41","9/4/2026 4:52:38 AM","Derived supporting artifact; not an independent model run."
"evaluation\data\training_diagnostics\04_training_diagnostics_validation_report.xlsx","Supporting Excel","SUPPORTING","7.11","9/4/2026 4:52:38 AM","Derived supporting artifact; not an independent model run."
"evaluation\data\vpp_performance\01_vpp_performance_source_snapshot.xlsx","Supporting Excel","SUPPORTING","12.47","7/30/2026 1:53:23 AM","Derived supporting artifact; not an independent model run."
"evaluation\data\vpp_performance\02_vpp_performance_cleaned_dataset.xlsx","Supporting Excel","SUPPORTING","7.68","9/4/2026 4:52:37 AM","Derived supporting artifact; not an independent model run."
"evaluation\data\vpp_performance\03_vpp_performance_summary_statistics.xlsx","Supporting Excel","SUPPORTING","5.89","9/4/2026 4:52:37 AM","Derived supporting artifact; not an independent model run."
"evaluation\data\vpp_performance\04_vpp_performance_validation_report.xlsx","Supporting Excel","SUPPORTING","5.68","9/4/2026 4:52:37 AM","Derived supporting artifact; not an independent model run."
"forecasting\confidence_data\01_confidence_data_source_snapshot.xlsx","Supporting Excel","SUPPORTING","24.25","7/25/2026 8:11:58 PM","Derived supporting artifact; not an independent model run."
"forecasting\confidence_data\02_confidence_data_cleaned_dataset.xlsx","Supporting Excel","SUPPORTING","18.04","9/4/2026 4:52:38 AM","Derived supporting artifact; not an independent model run."
"forecasting\confidence_data\03_confidence_data_summary_statistics.xlsx","Supporting Excel","SUPPORTING","6.73","9/4/2026 4:52:38 AM","Derived supporting artifact; not an independent model run."
"forecasting\confidence_data\04_confidence_data_validation_report.xlsx","Supporting Excel","SUPPORTING","6.45","9/4/2026 4:52:38 AM","Derived supporting artifact; not an independent model run."
