forecast_hour,feature,MAE,RMSE,R2
1,pv_power_kw,0.03540123885931731,0.09797130809212604,0.7584917031689367
1,load_kw,0.05325104450106256,0.07014976701886162,0.7029774373116903
1,ev_power_kw,3.049206421394652,4.377676072476429,0.7711384189185579
1,price_usd_per_kwh,0.0037366838943224223,0.005382517501057952,0.5064585347601442
2,pv_power_kw,0.03540123885931731,0.09797130809212604,0.7584917031689367
2,load_kw,0.05331533620955076,0.07024655923555373,0.7020425357391553
2,ev_power_kw,3.223483924260654,4.672236456023618,0.7393288954211295
2,price_usd_per_kwh,0.003735834221353759,0.005382240892654133,0.5062930385908907
3,pv_power_kw,0.03534469354355248,0.09795023941308906,0.758617429664606
3,load_kw,0.05340682663335831,0.07035918832367719,0.7012450077550063
3,ev_power_kw,3.1538688274151325,4.606645057259849,0.7466793587493405
3,price_usd_per_kwh,0.0037352111499220166,0.005382106405069986,0.5059701274085
4,pv_power_kw,0.0351371025308782,0.09766583338216227,0.7600284745074342
4,load_kw,0.05353505128691067,0.07063000605410373,0.6989394502355655
4,ev_power_kw,3.2429768029830353,4.6817375986519645,0.7382213352912492
4,price_usd_per_kwh,0.003736206703750729,0.005382269694107276,0.5062493011708067
5,pv_power_kw,0.03482571599816025,0.09702287163242267,0.7632214661138607
5,load_kw,0.053710993442503706,0.07097351638084622,0.6959890783244456
5,ev_power_kw,3.4021792738721865,4.924492551804179,0.7080866055639841
5,price_usd_per_kwh,0.003735965608335956,0.00538220869047765,0.5066780174326708
6,pv_power_kw,0.034483345741251704,0.0962398564300498,0.7670994503334869
6,load_kw,0.05377626978156826,0.07102384865804881,0.6955117583826734
6,ev_power_kw,3.6054685876180708,5.358688959052891,0.651922599974714
6,price_usd_per_kwh,0.0037348472935104004,0.00538151486901247,0.506865186629706
7,pv_power_kw,0.0340611923703856,0.0950370263518367,0.7729526353630596
7,load_kw,0.0537572754167464,0.07102029922110019,0.6954486671589468
7,ev_power_kw,3.6492307795775747,5.270508669464931,0.6622293768826597
7,price_usd_per_kwh,0.0037337655392214453,0.005380728007963743,0.5068543270493302
8,pv_power_kw,0.033569325612155296,0.09337933922320711,0.7808230084269352
8,load_kw,0.05378519445084707,0.07103213436685445,0.695176868178168
8,ev_power_kw,3.51154265928083,4.9838028912071115,0.697891818507331
8,price_usd_per_kwh,0.0037319309742032754,0.005379159054000885,0.5068442619263283
9,pv_power_kw,0.03320526674687054,0.09200071562716067,0.7872450860182046
9,load_kw,0.05377562991085131,0.07103047609254641,0.6951216223952119
9,ev_power_kw,3.670642078772635,5.226797303881373,0.6675536381524318
9,price_usd_per_kwh,0.0037289358802389465,0.00537666822880722,0.5069165233764009
10,pv_power_kw,0.03297831090333086,0.09119420714835028,0.7909037654787968
10,load_kw,0.053736167760378296,0.07101074167780794,0.6952738649920485
10,ev_power_kw,4.063249784403933,5.770294604655835,0.59459300158838
10,price_usd_per_kwh,0.003727624410234198,0.005375724800956731,0.5069877187213053
11,pv_power_kw,0.03294887635813583,0.09109926402244561,0.7912824972636113
11,load_kw,0.05370142894640627,0.07098743680145206,0.695539599294276
11,ev_power_kw,3.6604762817806256,5.334732645847417,0.653418660451258
11,price_usd_per_kwh,0.0037268800464893724,0.005375183862457784,0.5069537535824626
12,pv_power_kw,0.03295584770076779,0.09109991447956757,0.7912795167286473
12,load_kw,0.05372727678745122,0.070996780577,0.695494967416183
12,ev_power_kw,3.9224862058493586,5.6459974381792275,0.6118065296976567
12,price_usd_per_kwh,0.0037264247660190072,0.005374922381932681,0.5066657717389524
13,pv_power_kw,0.03295817147972139,0.0910999527415805,0.7912146188671532
13,load_kw,0.05375219848804368,0.0710116709019221,0.695297730315749
13,ev_power_kw,3.7980937810063797,5.539829569729628,0.6263056294281345
13,price_usd_per_kwh,0.003726602186082769,0.0053750075022811145,0.5041131993651544
14,pv_power_kw,0.033005421665243916,0.0911157705907128,0.7910783136519968
14,load_kw,0.05379976020372026,0.07104447128961032,0.6948978353721804
14,ev_power_kw,3.7075138492845348,5.3610118827319,0.6500538960613738
14,price_usd_per_kwh,0.0037255500403051574,0.0053745247982520524,0.5024237075898008
15,pv_power_kw,0.033005421665243916,0.0911157705907128,0.7910262054695456
15,load_kw,0.05385485735604777,0.07108646396559322,0.6945574256440941
15,ev_power_kw,3.81816537079667,5.557680245913579,0.6239116002350558
15,price_usd_per_kwh,0.0037228139443154415,0.005372786852639163,0.500844429222139
16,pv_power_kw,0.03303175783729849,0.09112068415096436,0.7909780117699562
16,load_kw,0.053901745513435316,0.07112131707751652,0.6940607298628021
16,ev_power_kw,3.735807782473314,5.347560975547966,0.6517887330648702
16,price_usd_per_kwh,0.0037211200970469105,0.005371893498918012,0.49975716453985386
17,pv_power_kw,0.0331123155468857,0.09116664457017579,0.7907020525832347
17,load_kw,0.05387901287289237,0.07109772989301022,0.6941639501161322
17,ev_power_kw,3.456817192744691,5.041630521084345,0.6905485810103071
17,price_usd_per_kwh,0.0037204906519217765,0.005371451382621852,0.4990368343710089
18,pv_power_kw,0.0331123155468857,0.09116664457017579,0.7907020525832348
18,load_kw,0.05390620784807472,0.07111004786409017,0.6938325243094483
18,ev_power_kw,3.4699917676057397,5.0902415044284375,0.6844406282162201
18,price_usd_per_kwh,0.003722125651117622,0.005372977045989376,0.4986138582001397
19,pv_power_kw,0.0331123155468857,0.0911666445701758,0.7907020525832347
19,load_kw,0.05392456654763885,0.07113310221205,0.6935200721542198
19,ev_power_kw,3.5767422881610855,5.187174765123649,0.6722452944908488
19,price_usd_per_kwh,0.003723808080642626,0.005374060782803518,0.4983929171542084
20,pv_power_kw,0.0331123155468857,0.09116664457017579,0.7907020525832347
20,load_kw,0.05398272839983906,0.07117018889250551,0.6932649603102454
20,ev_power_kw,3.541505290250962,5.181128398331799,0.67303734578898
20,price_usd_per_kwh,0.0037257217159159237,0.005375127819014635,0.4981941306901866
21,pv_power_kw,0.0331123155468857,0.09116664457017579,0.7907020525832347
21,load_kw,0.05404188094936367,0.07122022201616446,0.692773000389444
21,ev_power_kw,3.6800992468332456,5.290678643150463,0.6590781254898193
21,price_usd_per_kwh,0.003726962950759058,0.00537577672735116,0.49809695668485965
22,pv_power_kw,0.0331123155468857,0.09116664457017579,0.7907020525832347
22,load_kw,0.05406661182395165,0.07125052905684003,0.6921281033716429
22,ev_power_kw,3.6980856335447845,5.338110768087606,0.6529144533727094
22,price_usd_per_kwh,0.003728062435449435,0.0053762909355365394,0.49807833947410907
23,pv_power_kw,0.0331123155468857,0.09116664457017579,0.7907020525832347
23,load_kw,0.054069807007195846,0.07125085308151913,0.6919208808314077
23,ev_power_kw,3.776805448597026,5.451816059101885,0.63796235602181
23,price_usd_per_kwh,0.0037281093276808914,0.005376310201077848,0.4983173998811342
24,pv_power_kw,0.0331123155468857,0.0911666445701758,0.7907020525832347
24,load_kw,0.054097326110026385,0.07126198041717562,0.6917281911305132
24,ev_power_kw,3.510689684009781,5.064849845316533,0.6875661544028779
24,price_usd_per_kwh,0.003728838517946342,0.005376673208771935,0.4985304680575564
